,,1. Availability,1. Availability,1. Availability,1. Availability,1. Availability,1. Availability,1. Availability,2. Plausibility,2. Plausibility,2. Plausibility,2. Plausibility,2. Plausibility,2. Plausibility,2. Plausibility,2. Plausibility,2. Plausibility,3. Spread of future outcomes,3. Spread of future outcomes,4. Other criteria,4. Other criteria,4. Other criteria,4. Other criteria,4. Other criteria
. Plausible values,max,,,,,,,,,2.40,0.20,1.00,1.00,1.00,1.00,1.00,0.25,,,,,,,
. Plausible values,min,,,,,,,,,1.20,0.01,0.00,1.00,0.40,0.40,0.40,0.00,,,,,,,
model,run,synthesis,historical,ssp119,ssp126,ssp245,ssp370,ssp585,Synthesis,AR6 TCR,Bru20 perf,Dalelane MNQS,Qasmi Constr Global Dtas ssp245 2050,Bu22 SOM freq corr,Bu22 SOM pers corr,Bu22 SOM trans corr,Han22 TCgen MIEI NWP,AR6 TCR as spread,Sch20 ECS,Bru20 mfamily,Aer. species,Bra21 complexity,Calendar,atm. res. km
ACCESS-CM2,r1i1p1f1,1.00,RCM,,RCM,RCM,RCM,RCM,1,2.10,0.07,0.79,0.00,0.49,0.91,0.76,0.24,2.10,4.72,HadGEM,,2222002000.00,gregorian,250.00
ACCESS-CM2,r4i1p1f1,1.00,RCM,,RCM,RCM,RCM,RCM,1,2.10,0.07,,0.00,,,,,2.10,,,,,,
ACCESS-CM2,r5i1p1f1,1.00,RCM,,RCM,RCM,RCM,RCM,1,2.10,0.07,,0.00,,,,,2.10,,,,,,
ACCESS-ESM1-5,r1i1p1f1,1.00,RCM,,RCM,RCM,RCM,RCM,0,1.95,0.04,0.77,1.00,,,,0.15,1.95,3.87,,,2222122020.00,gregorian,250.00
ACCESS-ESM1-5,r2i1p1f1,0.00,RCM,,ESD,ESD,ESD,ESD,0,,0.04,,1.00,,,,,,,,,,,
ACCESS-ESM1-5,r3i1p1f1,0.00,RCM,,ESD,ESD,ESD,ESD,0,,0.04,,1.00,,,,,,,,,,,
ACCESS-ESM1-5,r6i1p1f1,1.00,RCM,,RCM,RCM,RCM,RCM,,,,,,,,,,,,,,,,
AWI-CM-1-1-MR,r1i1p1f1,0.00,-,,ESD,ESD,ESD,ESD,1,2.06,0.06,,0.00,,,,0.20,2.06,3.16,,,,gregorian,100.00
AWI-ESM-1-1-LR,r1i1p1f1,0.00,RCM,,,,,,0,,,,,0.50,0.77,0.74,,,,,,2222220100.00,,
BCC-CSM2-MR,r1i1p1f1,0.00,3Dml,,3Dml,3Dml,3Dml,3Dml,0,1.72,0.02,0.78,1.00,0.71,0.85,0.75,0.17,1.72,3.04,,,2222221120.00,365_day,100.00
BCC-ESM1,r1i1p1f1,0.00,ESD,,,,ESD,,0,1.77,,,,0.70,0.92,0.74,0.21,1.77,3.26,,dust so4 ss,,,
BCC-ESM1,r2i1p1f1,0.00,Basic,,,,ESD,,,,,,,,,,,,,,dust so4 ss,,,
BCC-ESM1,r3i1p1f1,0.00,Basic,,,,ESD,,,,,,,,,,,,,,dust so4 ss,,,
CAMS-CSM1-0,r1i1p1f1,0.00,-,-,-,-,-,-,0,1.73,0.06,,,,,,0.25,1.73,,,,,365_day,100.00
CAMS-CSM1-0,r2i1p1f1,0.00,Basic,Basic,Basic,Basic,Basic,Basic,0,,0.06,,,,,,,,2.29,,,,,
CAS-ESM2-0,r1i1p1f1,0.00,-,,-,-,-,-,0,2.04,,,1.00,,,,,2.04,3.51,,,,365_day,100.00
CESM2,r1i1p1f1,0.00,ESD,,ESD,ESD,ESD,ESD,1,,0.02,0.79,0.00,0.63,0.72,0.71,0.19,,,CESM,bc dust oa so4,,,
CESM2,r2i1p1f1,0.00,ESD,,RCM,RCM,RCM,RCM,1,2.06,0.02,0.75,0.00,0.63,0.88,0.71,,2.06,5.16,CESM,bc dust oa so4 ss,,365_day,100.00
CESM2,r3i1p1f1,0.00,ESD,,,Basic,-,,0,,,,,0.63,0.63,0.67,,,,,bc dust oa so4,,,
CESM2,r4i1p1f1,0.00,ESD,,ESD,ESD,ESD,ESD,1,,,,0.00,0.61,0.83,0.67,,,,,bc dust oa so4,,,
CESM2,r5i1p1f1,0.00,ESD,,,,-,,0,,,,,0.62,0.67,0.60,,,,,bc dust oa so4,,,
CESM2,r6i1p1f1,0.00,ESD,,,,-,,0,,,,,0.62,0.77,0.67,,,,,bc dust oa so4,,,
CESM2,r7i1p1f1,0.00,ESD,,,,,,0,,,,,0.62,0.80,0.61,,,,,,,,
CESM2,r8i1p1f1,0.00,ESD,,,,,,0,,,,,0.62,0.68,0.67,,,,,,,,
CESM2,r9i1p1f1,0.00,ESD,,,,,,0,,,,,0.62,0.75,0.68,,,,,,,,
CESM2,r10i1p1f1,0.00,-,,ESD,ESD,ESD,ESD,0,,,,,0.63,0.88,0.78,,,,,bc dust oa so4,,,
CESM2,r11i1p1f1,1.00,RCM,,RCM,RCM,RCM,RCM,1,2.06,0.02,,0.00,,,,,2.06,,,bc dust oa so4,,,100.00
CESM2-FV2,r1i1p1f1,0.00,Basic,,,,,,0,2.05,,,,,,,0.21,2.05,5.14,,,,,
CESM2-WACCM,r1i1p1f1,0.00,ESD,,ESD,Basic,Basic,ESD,1,1.98,0.01,,0.00,0.65,0.87,0.68,0.20,1.98,4.75,CESM,bc dust oa so4,,365_day,100.00
CESM2-WACCM,r2i1p1f1,0.00,ESD,,,ESD,Basic,Basic,0,,,,,0.65,0.91,0.68,,,,,bc dust oa so4,,,
CESM2-WACCM,r3i1p1f1,0.00,ESD,,,ESD,Basic,ESD,0,,,,,0.63,0.60,0.70,,,,,bc dust oa so4,,,
CESM2-WACCM-FV2,r1i1p1f1,0.00,Basic,,,,,,0,2.01,,,,0.69,0.87,0.80,0.19,2.01,4.79,,,,,
CESM2-WACCM-FV2,r2i1p1f1,0.00,Basic,,,,,,0,,,,,0.72,0.92,0.81,,,,,,,,
CESM2-WACCM-FV2,r3i1p1f1,0.00,Basic,,,,,,0,,,,,0.68,0.82,0.81,,,,,,,,
CIESM,r1i1p1f1,0.00,-,,-,-,,-,1,2.39,,,0.00,,,,0.23,2.39,,,,,365_day,100.00
CMCC-CM2-SR5,r1i1p1f1,1.00,RCM,,RCM,RCM,RCM,RCM,1,2.09,,0.75,0.00,,,,,2.09,3.52,,,,365_day,100.00
CMCC-ESM2,r1i1p1f1,1.00,RCM,,RCM,RCM,RCM,RCM,1,,,,0.00,,,,,,,,,,365_day,100.00
CMCC-ESM2,r1i1p1f2,,,,,,,,0,,,0.75,,,,,,,,,,,,
CNRM-CM6-1,r1i1p1f1,,,,,,,,0,,,0.79,,,,,,,,,,,gregorian,
CNRM-CM6-1,r1i1p1f2,0.00,RCM,,RCM,ESD,ESD,RCM,0,2.14,0.02,,1.00,,,,,2.14,4.83,CNRM,bc dust oa so4 ss,2222101100.00,,150.00
CNRM-CM6-1,r2i1p1f2,0.00,RCM,,-,-,ESD,-,0,,0.02,,1.00,,,,,,,CNRM,bc dust oa so4 ss,,,
CNRM-CM6-1,r3i1p1f2,0.00,RCM,,-,-,ESD,-,0,,0.02,,1.00,,,,,,,CNRM,bc dust oa so4 ss,,,
CNRM-CM6-1,r4i1p1f2,0.00,ESD,,-,-,-,-,0,,0.02,,1.00,,,,,,,CNRM,,,,
CNRM-CM6-1,r5i1p1f2,0.00,ESD,,-,-,-,-,0,,0.02,,1.00,,,,,,,CNRM,,,,
CNRM-CM6-1,r6i1p1f2,0.00,ESD,,-,-,-,-,0,,0.02,,1.00,,,,,,,CNRM,,,,
CNRM-CM6-1-HR,r1i1p1f1,,,,,,,,1,,,,,0.48,0.80,0.37,,,,,,,gregorian,
CNRM-CM6-1-HR,r1i1p1f2,0.00,RCM,,ESD,-,-,ESD,2,2.48,0.02,,0.00,,,,,2.48,4.28,CNRM,,2222101100.00,,
CNRM-ESM2-1,r1i1p1f2,1.00,RCM,RCM,RCM,RCM,RCM,RCM,1,1.86,0.02,0.75,1.00,0.37,0.66,0.61,,1.86,4.76,CNRM,bc dust oa so4 ss,2222222220.00,gregorian,150.00
CNRM-ESM2-1,r2i1p1f2,0.00,ESD,-,3Dml,3Dml,Basic,3Dml,1,,0.02,,1.00,0.36,0.77,0.66,,,,CNRM,bc dust oa so4 ss,,,
CNRM-ESM2-1,r3i1p1f2,0.00,ESD,-,3Dml,3Dml,Basic,3Dml,0,,0.02,,1.00,0.42,0.50,0.60,,,,CNRM,bc dust oa so4 ss,,,
CNRM-ESM2-1,r4i1p1f2,0.00,Basic,-,-,-,-,-,0,,0.02,,1.00,,,,,,,CNRM,bc dust oa so4 ss,,,
CNRM-ESM2-1,r5i1p1f2,0.00,Basic,-,-,-,-,-,0,,0.02,,1.00,,,,,,,CNRM,bc dust oa so4 ss,,,
CanESM5,r1i1p1f1,0.00,ESD,ESD,ESD,ESD,ESD,ESD,1,,,0.78,0.00,0.68,0.89,0.86,0.24,,5.62,CanESM,dust ss,2222222121.00,,
CanESM5,r1i1p2f1,1.00,RCM,ESD,RCM,RCM,RCM,RCM,3,2.74,0.00,0.82,0.00,,,,,2.74,,CanESM,dust ss,,365_day,500.00
CanESM5,r2i1p1f1,0.00,ESD,ESD,ESD,ESD,ESD,ESD,1,,,,0.00,0.56,0.89,0.75,,,,,dust ss,,,
CanESM5,r2i1p2f1,1.00,RCM,ESD,RCM,RCM,RCM,RCM,3,2.74,0.00,,0.00,,,,,2.74,,CanESM,dust ss,,,500.00
CanESM5,r3i1p1f1,0.00,ESD,ESD,ESD,ESD,ESD,ESD,1,,,,0.00,0.61,0.84,0.77,,,,,dust ss,,,
CanESM5,r3i1p2f1,1.00,RCM,ESD,RCM,RCM,RCM,RCM,3,2.74,0.00,,0.00,,,,,2.74,,CanESM,dust ss,,,500.00
CanESM5,r4i1p1f1,0.00,ESD,ESD,ESD,ESD,ESD,ESD,1,,,,0.00,0.68,0.90,0.79,,,,,dust ss,,,
CanESM5,r4i1p2f1,0.00,ESD,ESD,ESD,ESD,ESD,ESD,2,,0.00,,0.00,,,,,,,CanESM,dust ss,,,
CanESM5,r5i1p1f1,0.00,ESD,ESD,ESD,ESD,ESD,ESD,1,,,,0.00,0.61,0.92,0.77,,,,,dust ss,,,
CanESM5,r5i1p2f1,0.00,ESD,ESD,ESD,ESD,ESD,ESD,2,,0.00,,0.00,,,,,,,CanESM,dust ss,,,
CanESM5,r6i1p1f1,0.00,ESD,ESD,ESD,ESD,ESD,ESD,1,,,,0.00,0.62,0.91,0.76,,,,,dust ss,,,
CanESM5,r6i1p2f1,0.00,ESD,ESD,ESD,ESD,ESD,ESD,2,,0.00,,0.00,,,,,,,CanESM,dust ss,,,
CanESM5,r7i1p1f1,0.00,ESD,ESD,ESD,ESD,ESD,ESD,1,,,,0.00,0.57,0.89,0.85,,,,,dust ss,,,
CanESM5,r7i1p2f1,0.00,ESD,ESD,ESD,ESD,ESD,ESD,2,,0.00,,0.00,,,,,,,CanESM,dust ss,,,
CanESM5,r8i1p1f1,0.00,ESD,ESD,ESD,ESD,ESD,ESD,1,,,,0.00,0.71,0.80,0.76,,,,,dust ss,,,
CanESM5,r8i1p2f1,0.00,ESD,ESD,ESD,ESD,ESD,ESD,2,,0.00,,0.00,,,,,,,CanESM,dust ss,,,
CanESM5,r9i1p1f1,0.00,ESD,ESD,ESD,ESD,ESD,ESD,1,,,,0.00,0.67,0.88,0.80,,,,,dust ss,,,
CanESM5,r9i1p2f1,0.00,ESD,ESD,ESD,ESD,ESD,ESD,2,,0.00,,0.00,,,,,,,CanESM,dust ss,,,
CanESM5,r10i1p1f1,0.00,ESD,Basic,ESD,ESD,ESD,ESD,1,,,,0.00,0.73,0.94,0.82,,,,,dust ss,,,
CanESM5,r10i1p2f1,0.00,ESD,ESD,ESD,ESD,ESD,ESD,2,,0.00,,0.00,,,,,,,CanESM,dust ss,,,
CanESM5,r11i1p1f1,0.00,ESD,ESD,Basic,Basic,Basic,Basic,1,,,,0.00,0.65,0.77,0.81,,,,,dust ss,,,
CanESM5,r11i1p2f1,0.00,Basic,ESD,Basic,Basic,Basic,Basic,2,,0.00,,0.00,,,,,,,CanESM,dust ss,,,
CanESM5,r12i1p1f1,0.00,ESD,ESD,Basic,Basic,Basic,Basic,1,,,,0.00,0.65,0.89,0.85,,,,,dust ss,,,
CanESM5,r12i1p2f1,0.00,Basic,ESD,Basic,Basic,Basic,Basic,2,,0.00,,0.00,,,,,,,CanESM,dust ss,,,
CanESM5,r13i1p1f1,0.00,ESD,ESD,Basic,Basic,Basic,Basic,1,,,,0.00,0.65,0.90,0.75,,,,,dust ss,,,
CanESM5,r13i1p2f1,0.00,Basic,ESD,Basic,Basic,Basic,Basic,2,,0.00,,0.00,,,,,,,CanESM,dust ss,,,
CanESM5,r14i1p1f1,0.00,ESD,ESD,Basic,Basic,Basic,Basic,1,,,,0.00,0.67,0.78,0.78,,,,,dust ss,,,
CanESM5,r14i1p2f1,0.00,Basic,ESD,Basic,Basic,Basic,Basic,2,,0.00,,0.00,,,,,,,CanESM,dust ss,,,
CanESM5,r15i1p1f1,0.00,ESD,ESD,Basic,Basic,Basic,Basic,1,,,,0.00,0.71,0.84,0.78,,,,,dust ss,,,
CanESM5,r15i1p2f1,0.00,Basic,ESD,Basic,Basic,Basic,Basic,2,,0.00,,0.00,,,,,,,CanESM,dust ss,,,
CanESM5,r16i1p1f1,0.00,ESD,ESD,Basic,Basic,Basic,Basic,1,,,,0.00,0.71,0.90,0.80,,,,,dust ss,,,
CanESM5,r16i1p2f1,0.00,Basic,ESD,Basic,Basic,Basic,Basic,2,,0.00,,0.00,,,,,,,CanESM,dust ss,,,
CanESM5,r17i1p1f1,0.00,ESD,ESD,Basic,Basic,Basic,Basic,1,,,,0.00,0.65,0.89,0.84,,,,,dust ss,,,
CanESM5,r17i1p2f1,0.00,Basic,ESD,Basic,Basic,Basic,Basic,2,,0.00,,0.00,,,,,,,CanESM,dust ss,,,
CanESM5,r18i1p1f1,0.00,ESD,ESD,Basic,Basic,Basic,Basic,1,,,,0.00,0.73,0.91,0.80,,,,,dust ss,,,
CanESM5,r18i1p2f1,0.00,Basic,ESD,Basic,Basic,Basic,Basic,2,,0.00,,0.00,,,,,,,CanESM,dust ss,,,
CanESM5,r19i1p1f1,0.00,ESD,ESD,Basic,Basic,Basic,Basic,1,,,,0.00,0.69,0.94,0.82,,,,,dust ss,,,
CanESM5,r19i1p2f1,0.00,Basic,ESD,Basic,Basic,Basic,Basic,2,,0.00,,0.00,,,,,,,CanESM,dust ss,,,
CanESM5,r20i1p1f1,0.00,ESD,ESD,Basic,Basic,Basic,Basic,1,,,,0.00,0.56,0.90,0.77,,,,,dust ss,,,
CanESM5,r20i1p2f1,0.00,Basic,ESD,Basic,Basic,Basic,Basic,2,,0.00,,0.00,,,,,,,CanESM,dust ss,,,
CanESM5,r21i1p1f1,0.00,ESD,ESD,Basic,Basic,Basic,Basic,1,,,,0.00,0.63,0.95,0.79,,,,,dust ss,,,
CanESM5,r21i1p2f1,0.00,Basic,ESD,Basic,Basic,Basic,Basic,2,,0.00,,0.00,,,,,,,CanESM,dust ss,,,
CanESM5,r22i1p1f1,0.00,ESD,ESD,Basic,Basic,Basic,Basic,1,,,,0.00,0.65,0.94,0.78,,,,,dust ss,,,
CanESM5,r22i1p2f1,0.00,Basic,ESD,Basic,Basic,Basic,Basic,2,,0.00,,0.00,,,,,,,CanESM,dust ss,,,
CanESM5,r23i1p1f1,0.00,ESD,ESD,Basic,Basic,Basic,Basic,1,,,,0.00,0.72,0.87,0.87,,,,,dust ss,,,
CanESM5,r23i1p2f1,0.00,Basic,ESD,Basic,Basic,Basic,Basic,2,,0.00,,0.00,,,,,,,CanESM,dust ss,,,
CanESM5,r24i1p1f1,0.00,ESD,ESD,Basic,Basic,Basic,Basic,1,,,,0.00,0.68,0.93,0.79,,,,,dust ss,,,
CanESM5,r24i1p2f1,0.00,Basic,ESD,Basic,Basic,Basic,Basic,2,,0.00,,0.00,,,,,,,CanESM,dust ss,,,
CanESM5,r25i1p1f1,0.00,ESD,ESD,Basic,Basic,Basic,Basic,1,,,,0.00,0.66,0.88,0.77,,,,,dust ss,,,
CanESM5,r25i1p2f1,0.00,Basic,ESD,Basic,Basic,Basic,Basic,2,,0.00,,0.00,,,,,,,CanESM,dust ss,,,
CanESM5,r26i1p2f1,0.00,-,,,,,,1,,0.00,,,,,,,,,,,,,
CanESM5,r27i1p2f1,0.00,-,,,,,,1,,0.00,,,,,,,,,,,,,
CanESM5,r28i1p2f1,0.00,-,,,,,,1,,0.00,,,,,,,,,,,,,
CanESM5,r29i1p2f1,0.00,-,,,,,,1,,0.00,,,,,,,,,,,,,
CanESM5,r30i1p2f1,0.00,-,,,,,,1,,0.00,,,,,,,,,,,,,
CanESM5,r31i1p2f1,0.00,-,,,,,,1,,0.00,,,,,,,,,,,,,
CanESM5,r32i1p2f1,0.00,-,,,,,,1,,0.00,,,,,,,,,,,,,
CanESM5,r33i1p2f1,0.00,-,,,,,,1,,0.00,,,,,,,,,,,,,
CanESM5,r34i1p2f1,0.00,-,,,,,,1,,0.00,,,,,,,,,,,,,
CanESM5,r35i1p2f1,0.00,-,,,,,,1,,0.00,,,,,,,,,,,,,
CanESM5,r36i1p2f1,0.00,-,,,,,,1,,0.00,,,,,,,,,,,,,
CanESM5,r37i1p2f1,0.00,-,,,,,,1,,0.00,,,,,,,,,,,,,
CanESM5,r38i1p2f1,0.00,-,,,,,,1,,0.00,,,,,,,,,,,,,
CanESM5,r39i1p2f1,0.00,-,,,,,,1,,0.00,,,,,,,,,,,,,
CanESM5,r40i1p2f1,0.00,-,,,,,,1,,0.00,,,,,,,,,,,,,
CanESM5,r41i1p2f1,,,,,,,,1,,0.00,,,,,,,,,,,,,
CanESM5,r42i1p2f1,,,,,,,,1,,0.00,,,,,,,,,,,,,
CanESM5,r43i1p2f1,,,,,,,,1,,0.00,,,,,,,,,,,,,
CanESM5,r44i1p2f1,,,,,,,,1,,0.00,,,,,,,,,,,,,
CanESM5,r45i1p2f1,,,,,,,,1,,0.00,,,,,,,,,,,,,
CanESM5,r46i1p2f1,,,,,,,,1,,0.00,,,,,,,,,,,,,
CanESM5,r47i1p2f1,,,,,,,,1,,0.00,,,,,,,,,,,,,
CanESM5,r48i1p2f1,,,,,,,,1,,0.00,,,,,,,,,,,,,
CanESM5,r49i1p2f1,,,,,,,,1,,0.00,,,,,,,,,,,,,
CanESM5,r50i1p2f1,,,,,,,,1,,0.00,,,,,,,,,,,,,
CanESM5-CanOE,r1i1p1f1,,,,,,,,1,,0.00,,,,,,,,,CanESM,,,365_day,
CanESM5-CanOE,r1i1p2f1,0.00,-,,-,-,-,-,1,,,,0.00,,,,,,,,dust ss,,,
CanESM5-CanOE,r2i1p1f1,,,,,,,,1,,0.00,,,,,,,,,CanESM,,,,
CanESM5-CanOE,r2i1p2f1,0.00,-,,-,-,-,-,,,,,,,,,,,,,dust ss,,,
CanESM5-CanOE,r3i1p1f1,,,,,,,,1,,0.00,,,,,,,,,CanESM,,,,
CanESM5-CanOE,r3i1p2f1,0.00,-,,-,-,-,-,,,,,,,,,,,,,dust ss,,,
E3SM-1-0,r1i1p1f1,0.00,Basic,,,,,-,1,2.99,,,,,,,0.15,2.99,5.32,,,,,100.00
E3SM-1-1,r1i1p1f1,0.00,-,,,-,,-,,,,,,,,,,,,,,,365_day,100.00
E3SM-1-1-ECA,r1i1p1f1,0.00,-,,,,,Basic,,,,,,,,,,,,,,,,100.00
EC-Earth3,r1i1p1f1,1.00,RCM,,RCM,RCM,RCM,RCM,1,2.30,0.01,0.82,0.00,,,,0.21,2.30,,EC-Earth,MACv2-SP approach,2222101000.00,gregorian,100.00
EC-Earth3,r2i1p1f1,0.00,Basic,,,Basic,,,1,,0.01,,0.00,,,,,,,EC-Earth,,,,
EC-Earth3,r3i1p1f1,0.00,ESD,,,,,ESD,1,,0.01,,0.00,,,,,,,EC-Earth,,,,
EC-Earth3,r4i1p1f1,0.00,ESD,ESD,ESD,ESD,ESD,ESD,1,,0.01,,0.00,,,,,,,EC-Earth,,,,
EC-Earth3,r5i1p1f1,,,,,,,,1,,0.01,,0.00,,,,,,,EC-Earth,,,,
EC-Earth3,r6i1p1f1,0.00,ESD,,ESD,ESD,ESD,ESD,1,,0.01,,0.00,,,,,,,EC-Earth,,,,
EC-Earth3,r7i1p1f1,0.00,Basic,,,Basic,,,1,,0.01,,0.00,,,,,,,EC-Earth,,,,
EC-Earth3,r11i1p1f1,1.00,RCM,,RCM,RCM,RCM,RCM,,,,,,,,,,,,,,,,
EC-Earth3-AerChem,r1i1p1f1,0.00,Basic,,,,ESD,,,,,,,,,,,,,,bc dust no3 oa so4 ss,2222102000.00,,100.00
EC-Earth3-AerChem,r4i1p1f1,0.00,Basic,,,,ESD,,,,,,,,,,,,,,bc dust no3 oa so4 ss,,,
EC-Earth3-CC,r1i1p1f1,0.00,Basic,,,ESD,,ESD,,,,,,,,,,,,,,2222221020.00,gregorian,100.00
EC-Earth3-Veg,r1i1p1f1,1.00,RCM,RCM,RCM,RCM,RCM,RCM,2,2.62,0.01,0.80,0.00,,,,,2.62,4.31,EC-Earth,MACv2-SP approach,2222221000.00,gregorian,100.00
EC-Earth3-Veg,r2i1p1f1,1.00,RCM,RCM,RCM,RCM,RCM,RCM,2,2.62,0.01,,0.00,,,,,2.62,4.31,EC-Earth,MACv2-SP approach,2222221000.00,gregorian,100.00
EC-Earth3-Veg,r3i1p1f1,1.00,RCM,RCM,RCM,RCM,RCM,RCM,2,2.62,0.01,,0.00,,,,,2.62,4.31,EC-Earth,MACv2-SP approach,2222221000.00,gregorian,100.00
EC-Earth3-Veg,r4i1p1f1,0.00,Basic,,ESD,ESD,ESD,ESD,,,,,,,,,,,4.31,EC-Earth,,,gregorian,
EC-Earth3-Veg,r5i1p1f1,0.00,Basic,,,Basic,,,,,,,,,,,,,4.31,EC-Earth,,,gregorian,
EC-Earth3-Veg,r6i1p1f1,0.00,RCM,,RCM,RCM,,RCM,2,2.62,0.01,,0.00,,,,,2.62,4.31,EC-Earth,MACv2-SP approach,2222221000.00,gregorian,100.00
EC-Earth3-Veg-LR,r1i1p1f1,0.00,Basic,ESD,ESD,ESD,ESD,ESD,,,,,,,,,,,,,,2222221000.00,gregorian,250.00
FGOALS-f3-L,r1i1p1f1,0.00,3Dml,,-,-,-,-,2,1.94,0.03,,0.00,0.38,0.73,0.57,,1.94,3.00,,,,365_day,100.00
FGOALS-f3-L,r2i1p1f1,0.00,ESD,,-,-,-,-,0,,,,,0.41,0.57,0.58,,,,,,,,
FGOALS-f3-L,r3i1p1f1,0.00,ESD,,-,-,-,-,1,,,,,0.39,0.45,0.52,,,,,,,,
FGOALS-g3,r1i1p1f1,0.00,3Dml,3Dml,3Dml,ESD,3Dml,ESD,1,1.54,0.00,,1.00,,,,0.22,1.54,2.88,,,,365_day,250.00
FGOALS-g3,r3i1p1f1,0.00,3Dml,,3Dml,3Dml,3Dml,3Dml,0,,,,1.00,,,,,,,,,,,
FIO-ESM-2-0,r1i1p1f1,0.00,-,,-,-,,-,1,2.22,0.08,,0.00,,,,0.19,2.22,,,,,365_day,100.00
FIO-ESM-2-0,r2i1p1f1,0.00,-,,-,-,,-,1,,0.08,,0.00,,,,,,,,,,,
FIO-ESM-2-0,r3i1p1f1,0.00,-,,-,-,,-,1,,0.08,,0.00,,,,,,,,,,,
GFDL-CM4,r1i1p1f1,0.00,ESD,,,ESD,,ESD,0,,,,1.00,0.50,0.87,0.82,,,,,,2222212110.00,,100.00
GFDL-ESM4,r1i1p1f1,0.00,Basic,Basic,Basic,Basic,Basic,Basic,0,1.61,0.13,,1.00,,,,,1.61,,,bc dust no3 oa so4 ss,2222222220.00,,100.00
GISS-E2-1-G,r1i1p1f1,0.00,3Dml,,,,,,1,1.80,,,1.00,,,,0.28,1.80,2.72,,,2222101100.00,365_day,250.00
GISS-E2-1-G,r1i1p3f1,0.00,-,-,-,-,-,-,0,,0.05,,,,,,,,,,bb bc dust no3 oa so4 ss,,,
GISS-E2-1-G,r1i1p3f2,0.00,,,,,-,,,,,,,,,,,,,,bb bc dust no3 oa so4 ss,,,
GISS-E2-1-G,r2i1p3f1,0.00,-,,-,-,-,-,,,,,,,,,,,,,bb bc dust no3 oa so4 ss,,,
GISS-E2-1-G,r2i1p3f2,0.00,,,,,-,,,,,,,,,,,,,,bb bc dust no3 oa so4 ss,,,
GISS-E2-1-G,r3i1p3f1,0.00,-,,-,-,-,-,,,,,,,,,,,,,bb bc dust no3 oa so4 ss,,,
GISS-E2-1-G,r3i1p3f2,0.00,,,,,-,,,,,,,,,,,,,,bb bc dust no3 oa so4 ss,,,
GISS-E2-1-G,r4i1p3f1,0.00,-,,-,-,-,-,,,,,,,,,,,,,bb bc dust no3 oa so4 ss,,,
GISS-E2-1-H,r1i1p1f1,0.00,-,,,,,,1,1.93,,,,,,,0.29,1.93,3.11,,,,365_day,250.00
GISS-E2-1-H,r1i1p3f1,0.00,-,-,-,-,-,-,,,,,,,,,,,,,bb bc dust no3 oa so4 ss,,,
GISS-E2-2-G,r1i1p1f1,0.00,Basic,,,,,,0,1.71,,,,,,,,1.71,,,,,,
HadGEM3-GC31-LL,r1i1p1f1,,,,,,,,2,2.55,,,0.00,,,,,2.55,,,,,360_day,
HadGEM3-GC31-LL,r1i1p1f3,0.00,RCM,,RCM,RCM,,RCM,2,,0.00,0.82,0.00,,,,,,5.55,HadGEM,,,,
HadGEM3-GC31-MM,r1i1p1f1,,,,,,,,1,2.58,,,,,,,,2.58,,,,,360_day,
HadGEM3-GC31-MM,r1i1p1f3,0.00,RCM,,RCM,,,RCM,,,,,,,,,,,5.42,,,2222002000.00,,100.00
IITM-ESM,r1i1p1f1,0.00,3Dml,,3Dml,3Dml,3Dml,3Dml,0,1.71,,,,,,,,1.71,,,,2222101020.00,standard,250.00
INM-CM4-8,r1i1p1f1,0.00,ESD,,ESD,ESD,ESD,ESD,3,1.33,0.01,,1.00,0.21,0.39,0.48,0.38,1.33,1.83,INM,bc dust oa so4 ss,,365_day,100.00
INM-CM5-0,r1i1p1f1,0.00,ESD,,ESD,ESD,ESD,ESD,2,1.39,0.04,,1.00,0.28,0.56,0.42,0.34,1.39,1.92,INM,bc dust oa so4 ss,,365_day,100.00
INM-CM5-0,r2i1p1f1,0.00,ESD,,,,ESD,,1,,,,,0.29,0.58,0.45,,,,,bc dust oa so4 ss,,,
INM-CM5-0,r3i1p1f1,0.00,ESD,,,,ESD,,1,,,,,0.30,0.75,0.41,,,,,bc dust oa so4 ss,,,
INM-CM5-0,r4i1p1f1,0.00,ESD,,,,ESD,,1,,,,,0.30,0.75,0.41,,,,,bc dust oa so4 ss,,,
INM-CM5-0,r5i1p1f1,0.00,ESD,,,,ESD,,2,,,,,0.30,0.69,0.39,,,,,bc dust oa so4 ss,,,
INM-CM5-0,r6i1p1f1,0.00,ESD,,,,,,1,,,,,0.29,0.76,0.48,,,,,,,,
INM-CM5-0,r7i1p1f1,0.00,ESD,,,,,,1,,,,,0.31,0.76,0.44,,,,,,,,
INM-CM5-0,r8i1p1f1,0.00,ESD,,,,,,1,,,,,0.31,0.71,0.48,,,,,,,,
INM-CM5-0,r9i1p1f1,0.00,ESD,,,,,,2,,,,,0.30,0.92,0.39,,,,,,,,
INM-CM5-0,r10i1p1f1,0.00,ESD,,,,,,2,,,,,0.27,0.88,0.39,,,,,,,,
IPSL-CM5A2-INCA,r1i1p1f1,0.00,3Dml,,3Dml,,3Dml,,,,,,,,,,,,,,bc dust no3 oa so4 ss,,,500.00
IPSL-CM6A-LR,r1i1p1f1,1.00,RCM,RCM,RCM,RCM,RCM,RCM,1,2.32,0.02,0.83,0.00,0.46,0.75,0.44,0.20,2.32,4.56,,bc dust no3 oa so4 ss,2222221121.00,gregorian,250.00
IPSL-CM6A-LR,r2i1p1f1,1.00,RCM,RCM,RCM,RCM,RCM,RCM,2,2.32,0.02,,0.00,0.47,0.83,0.36,,2.32,,,bc dust no3 oa so4 ss,,,250.00
IPSL-CM6A-LR,r3i1p1f1,1.00,RCM,RCM,RCM,RCM,RCM,RCM,1,2.32,0.02,,0.00,0.48,0.89,0.41,,2.32,,,bc dust no3 oa so4 ss,,,250.00
IPSL-CM6A-LR,r4i1p1f1,1.00,RCM,RCM,RCM,RCM,RCM,RCM,1,2.32,0.02,,0.00,0.48,0.76,0.46,,2.32,,,bc dust no3 oa so4 ss,,,250.00
IPSL-CM6A-LR,r5i1p1f1,0.00,RCM,,,RCM,RCM,,2,2.32,0.02,,0.00,0.45,0.87,0.37,,2.32,,,bc dust no3 oa so4 ss,,,250.00
IPSL-CM6A-LR,r6i1p1f1,1.00,RCM,RCM,RCM,RCM,RCM,RCM,2,2.32,0.02,,0.00,0.45,0.90,0.33,,2.32,,,bc dust no3 oa so4 ss,,,250.00
IPSL-CM6A-LR,r7i1p1f1,0.00,RCM,,,,RCM,,0,,,,,0.48,0.82,0.47,,,,,bc dust no3 oa so4 ss,,,
IPSL-CM6A-LR,r8i1p1f1,0.00,RCM,,,,RCM,,0,,,,,0.48,0.74,0.40,,,,,bc dust no3 oa so4 ss,,,
IPSL-CM6A-LR,r9i1p1f1,0.00,RCM,,,,RCM,,2,,,,,0.47,0.40,0.39,,,,,bc dust no3 oa so4 ss,,,
IPSL-CM6A-LR,r10i1p1f1,0.00,RCM,,,RCM,RCM,,1,,,,0.00,0.47,0.83,0.42,,,,,bc dust no3 oa so4 ss,,,
IPSL-CM6A-LR,r11i1p1f1,0.00,RCM,,,RCM,,,1,,,,,0.48,0.79,0.38,,,,,,,,
IPSL-CM6A-LR,r12i1p1f1,0.00,RCM,,,,,,0,,,,,0.45,0.74,0.48,,,,,,,,
IPSL-CM6A-LR,r13i1p1f1,0.00,RCM,,,,,,0,,,,,0.47,0.84,0.43,,,,,,,,
IPSL-CM6A-LR,r14i1p1f1,1.00,RCM,RCM,RCM,RCM,RCM,RCM,2,2.32,0.02,,0.00,0.46,0.78,0.37,,2.32,,,bc dust no3 oa so4 ss,,,250.00
IPSL-CM6A-LR,r15i1p1f1,0.00,RCM,,,,,,1,,,,,0.46,0.53,0.36,,,,,,,,
IPSL-CM6A-LR,r16i1p1f1,0.00,RCM,,,,,,0,,,,,0.47,0.65,0.40,,,,,,,,
IPSL-CM6A-LR,r17i1p1f1,0.00,RCM,,,,,,1,,,,,0.47,0.57,0.39,,,,,,,,
IPSL-CM6A-LR,r18i1p1f1,0.00,RCM,,,,,,1,,,,,0.46,0.67,0.37,,,,,,,,
IPSL-CM6A-LR,r19i1p1f1,0.00,RCM,,,,,,0,,,,,0.47,0.83,0.40,,,,,,,,
IPSL-CM6A-LR,r20i1p1f1,0.00,RCM,,,,,,1,,,,,0.46,0.76,0.34,,,,,,,,
IPSL-CM6A-LR,r21i1p1f1,0.00,RCM,,,,,,1,,,,,0.47,0.73,0.34,,,,,,,,
IPSL-CM6A-LR,r22i1p1f1,0.00,RCM,,,RCM,,,1,,,,,0.46,0.41,0.37,,,,,,,,
IPSL-CM6A-LR,r23i1p1f1,0.00,RCM,,,,,,1,,,,,0.47,0.96,0.40,,,,,,,,
IPSL-CM6A-LR,r24i1p1f1,0.00,RCM,,,,,,0,,,,,0.46,0.78,0.41,,,,,,,,
IPSL-CM6A-LR,r25i1p1f1,0.00,RCM,,,RCM,,,0,,,,,0.44,0.77,0.42,,,,,,,,
IPSL-CM6A-LR,r26i1p1f1,0.00,RCM,,,,,,0,,,,,0.47,0.90,0.45,,,,,,,,
IPSL-CM6A-LR,r27i1p1f1,0.00,RCM,,,,,,0,,,,,0.48,0.67,0.46,,,,,,,,
IPSL-CM6A-LR,r28i1p1f1,0.00,RCM,,,,,,0,,,,,0.47,0.84,0.43,,,,,,,,
IPSL-CM6A-LR,r29i1p1f1,0.00,RCM,,,,,,1,,,,,0.46,0.50,0.36,,,,,,,,
IPSL-CM6A-LR,r30i1p1f1,0.00,RCM,,,,,,1,,,,,0.46,0.53,0.34,,,,,,,,
IPSL-CM6A-LR,r31i1p1f1,0.00,RCM,,,,,,0,,,,,0.47,0.58,0.46,,,,,,,,
IPSL-CM6A-LR,r32i1p1f1,0.00,RCM,,,,,,1,,,,,0.46,0.50,0.39,,,,,,,,
KACE-1-0-G,r1i1p1f1,0.00,ESD,,ESD,ESD,ESD,ESD,1,1.41,0.05,,0.00,,,,0.21,1.41,,HadGEM,,,360_day,250.00
KACE-1-0-G,r2i1p1f1,0.00,ESD,,ESD,ESD,ESD,ESD,,,,,,,,,,,4.48,,,,,
KIOST-ESM,r1i1p1f1,0.00,Basic,,Basic,Basic,,Basic,0,,,,1.00,,,,,,,,,2222221120.00,365_day,250.00
MCM-UA-1-0,r1i1p1f1,0.00,-,,,,,,1,1.94,,,1.00,,,,0.26,1.94,3.65,,,,365_day,250.00
MCM-UA-1-0,r1i1p1f2,0.00,-,,-,-,-,-,0,,0.02,,,,,,,,,,,,,
MIROC6,r1i1p1f1,1.00,RCM,ESD,RCM,RCM,RCM,RCM,1,1.55,0.02,0.80,1.00,0.38,0.81,0.81,0.24,1.55,2.61,,bc dust oa so4 ss,,gregorian,250.00
MIROC6,r2i1p1f1,0.00,ESD,ESD,ESD,ESD,ESD,ESD,1,,0.02,,,0.34,0.83,0.81,,,,,bc dust oa so4 ss,,,
MIROC6,r3i1p1f1,0.00,ESD,ESD,ESD,ESD,ESD,ESD,0,,0.02,,,0.41,0.80,0.82,,,,,bc dust oa so4 ss,2222102000.00,,
MIROC6,r4i1p1f1,0.00,ESD,,Basic,Basic,,Basic,1,,,,,0.34,0.71,0.82,,,,,,,,
MIROC6,r5i1p1f1,0.00,ESD,,Basic,Basic,,Basic,1,,,,,0.34,0.75,0.82,,,,,,,,
MIROC6,r6i1p1f1,0.00,ESD,,Basic,Basic,,Basic,1,,,,,0.38,0.85,0.84,,,,,,,,
MIROC6,r7i1p1f1,0.00,ESD,,Basic,Basic,,Basic,1,,,,,0.29,0.77,0.83,,,,,,,,
MIROC6,r8i1p1f1,0.00,ESD,,Basic,Basic,,Basic,1,,,,,0.36,0.68,0.83,,,,,,,,
MIROC6,r9i1p1f1,0.00,ESD,,Basic,Basic,,Basic,1,,,,,0.34,0.89,0.83,,,,,,,,
MIROC6,r10i1p1f1,0.00,ESD,,Basic,Basic,,Basic,0,,,,,0.42,0.93,0.84,,,,,,,,
MIROC-ES2L,r1i1p1f2,1.00,RCM,RCM,RCM,RCM,RCM,RCM,1,1.55,0.00,0.77,1.00,,,,,1.55,2.68,,dust oa so4,,gregorian,500.00
MIROC-ES2L,r2i1p1f2,1.00,RCM,RCM,RCM,RCM,RCM,RCM,0,,,,1.00,,,,,,,,dust oa so4,,,
MIROC-ES2L,r3i1p1f2,1.00,RCM,RCM,RCM,RCM,RCM,RCM,0,,,,1.00,,,,,,,,dust oa so4,,,
MIROC-ES2L,r4i1p1f2,1.00,RCM,RCM,RCM,RCM,RCM,RCM,,,,,,,,,,,,,dust oa so4,,,
MIROC-ES2L,r5i1p1f2,1.00,RCM,RCM,RCM,RCM,RCM,RCM,0,,,,1.00,,,,,,,,dust oa so4,2222022020.00,,
MIROC-ES2L,r6i1p1f2,1.00,RCM,RCM,RCM,RCM,RCM,RCM,,,,,,,,,,,,,dust oa so4,,,
MIROC-ES2L,r7i1p1f2,1.00,RCM,RCM,RCM,RCM,RCM,RCM,,,,,,,,,,,,,dust oa so4,,,
MIROC-ES2L,r8i1p1f2,1.00,RCM,RCM,RCM,RCM,RCM,RCM,,,,,,,,,,,,,dust oa so4,,,
MIROC-ES2L,r9i1p1f2,1.00,RCM,RCM,RCM,RCM,RCM,RCM,,,,,,,,,,,,,dust oa so4,,,
MIROC-ES2L,r10i1p1f2,1.00,RCM,RCM,RCM,RCM,RCM,RCM,,,,,,,,,,,,,dust oa so4,,,
MPI-ESM1-2-HR,r1i1p1f1,1.00,RCM,,RCM,RCM,RCM,RCM,0,1.66,0.08,0.84,1.00,0.65,0.86,0.62,0.23,1.66,2.98,MPI,,2222221020.00,gregorian,100.00
MPI-ESM1-2-HR,r2i1p1f1,1.00,RCM,,RCM,RCM,RCM,RCM,0,1.66,0.08,,1.00,0.62,0.58,0.64,,1.66,,MPI,,,gregorian,100.00
MPI-ESM1-2-HR,r3i1p1f1,0.00,RCM,,,,RCM,,0,,,,,0.65,0.79,0.68,,,,,,,,
MPI-ESM1-2-HR,r4i1p1f1,0.00,RCM,,,,RCM,,0,,,,,0.65,0.72,0.65,,,,,,,,
MPI-ESM1-2-HR,r5i1p1f1,0.00,RCM,,,,RCM,,0,,,,,0.64,0.69,0.70,,,,,,,,
MPI-ESM1-2-HR,r6i1p1f1,0.00,RCM,,,,RCM,,0,,,,,0.65,0.75,0.73,,,,,,,,
MPI-ESM1-2-HR,r7i1p1f1,0.00,RCM,,,,RCM,,0,,,,,0.62,0.74,0.67,,,,,,,,
MPI-ESM1-2-HR,r8i1p1f1,0.00,RCM,,,,RCM,,0,,,,,0.65,0.90,0.63,,,,,,,,
MPI-ESM1-2-HR,r9i1p1f1,0.00,RCM,,,,RCM,,0,,,,,0.65,0.72,0.64,,,,,,,,
MPI-ESM1-2-HR,r10i1p1f1,0.00,RCM,,,,RCM,,0,,,,,0.64,0.69,0.65,,,,,,,,
MPI-ESM1-2-LR,r1i1p1f1,1.00,RCM,RCM,RCM,RCM,RCM,RCM,0,1.84,0.06,0.82,1.00,0.61,0.92,0.78,0.22,1.84,3.00,MPI,,2222221020.00,gregorian,250.00
MPI-ESM1-2-LR,r2i1p1f1,1.00,RCM,RCM,RCM,RCM,RCM,RCM,0,1.84,0.06,,1.00,0.57,0.93,0.81,,1.84,,MPI,,,,250.00
MPI-ESM1-2-LR,r3i1p1f1,1.00,RCM,RCM,RCM,RCM,RCM,RCM,0,1.84,0.06,,1.00,0.63,0.82,0.82,,1.84,,MPI,,,,250.00
MPI-ESM1-2-LR,r4i1p1f1,1.00,RCM,RCM,RCM,RCM,RCM,RCM,0,1.84,0.06,,1.00,0.66,0.93,0.79,,1.84,,MPI,,,,250.00
MPI-ESM1-2-LR,r5i1p1f1,1.00,RCM,RCM,RCM,RCM,RCM,RCM,0,1.84,0.06,,1.00,0.67,0.93,0.81,,1.84,,MPI,,,,250.00
MPI-ESM1-2-LR,r6i1p1f1,1.00,RCM,RCM,RCM,RCM,RCM,RCM,0,1.84,0.06,,1.00,0.64,0.85,0.78,,1.84,,MPI,,,,250.00
MPI-ESM1-2-LR,r7i1p1f1,1.00,RCM,RCM,RCM,RCM,RCM,RCM,0,1.84,0.06,,1.00,0.60,0.85,0.80,,1.84,,MPI,,,,250.00
MPI-ESM1-2-LR,r8i1p1f1,1.00,RCM,RCM,RCM,RCM,RCM,RCM,0,1.84,0.06,,1.00,0.59,0.89,0.88,,1.84,,MPI,,,,250.00
MPI-ESM1-2-LR,r9i1p1f1,1.00,RCM,RCM,RCM,RCM,RCM,RCM,0,1.84,0.06,,1.00,0.69,0.85,0.83,,1.84,,MPI,,,,250.00
MPI-ESM1-2-LR,r10i1p1f1,1.00,RCM,RCM,RCM,RCM,RCM,RCM,0,1.84,0.06,,1.00,0.63,0.90,0.83,,1.84,,MPI,,,,250.00
MPI-ESM1-2-LR,r11i1p1f1,1.00,RCM,RCM,RCM,RCM,RCM,RCM,,,,,,,,,,,,,,,,
MPI-ESM1-2-LR,r12i1p1f1,1.00,RCM,RCM,RCM,RCM,RCM,RCM,,,,,,,,,,,,,,,,
MPI-ESM1-2-LR,r13i1p1f1,1.00,RCM,RCM,RCM,RCM,RCM,RCM,,,,,,,,,,,,,,,,
MPI-ESM1-2-LR,r14i1p1f1,1.00,RCM,RCM,RCM,RCM,RCM,RCM,,,,,,,,,,,,,,,,
MPI-ESM1-2-LR,r15i1p1f1,1.00,RCM,RCM,RCM,RCM,RCM,RCM,,,,,,,,,,,,,,,,
MPI-ESM1-2-LR,r16i1p1f1,1.00,RCM,RCM,RCM,RCM,RCM,RCM,,,,,,,,,,,,,,,,
MPI-ESM1-2-LR,r17i1p1f1,1.00,RCM,RCM,RCM,RCM,RCM,RCM,,,,,,,,,,,,,,,,
MPI-ESM1-2-LR,r18i1p1f1,1.00,RCM,RCM,RCM,RCM,RCM,RCM,,,,,,,,,,,,,,,,
MPI-ESM1-2-LR,r19i1p1f1,1.00,RCM,RCM,RCM,RCM,RCM,RCM,,,,,,,,,,,,,,,,
MPI-ESM1-2-LR,r20i1p1f1,1.00,RCM,RCM,RCM,RCM,RCM,RCM,,,,,,,,,,,,,,,,
MPI-ESM1-2-LR,r21i1p1f1,1.00,RCM,RCM,RCM,RCM,RCM,RCM,,,,,,,,,,,,,,,,
MPI-ESM1-2-LR,r22i1p1f1,1.00,RCM,RCM,RCM,RCM,RCM,RCM,,,,,,,,,,,,,,,,
MPI-ESM1-2-LR,r23i1p1f1,1.00,RCM,RCM,RCM,RCM,RCM,RCM,,,,,,,,,,,,,,,,
MPI-ESM1-2-LR,r24i1p1f1,1.00,RCM,RCM,RCM,RCM,RCM,RCM,,,,,,,,,,,,,,,,
MPI-ESM1-2-LR,r25i1p1f1,1.00,RCM,RCM,RCM,RCM,RCM,RCM,,,,,,,,,,,,,,,,
MPI-ESM1-2-LR,r26i1p1f1,1.00,RCM,RCM,RCM,RCM,RCM,RCM,,,,,,,,,,,,,,,,
MPI-ESM1-2-LR,r27i1p1f1,1.00,RCM,RCM,RCM,RCM,RCM,RCM,,,,,,,,,,,,,,,,
MPI-ESM1-2-LR,r28i1p1f1,1.00,RCM,RCM,RCM,RCM,RCM,RCM,,,,,,,,,,,,,,,,
MPI-ESM1-2-LR,r29i1p1f1,1.00,RCM,RCM,RCM,RCM,RCM,RCM,,,,,,,,,,,,,,,,
MPI-ESM1-2-LR,r30i1p1f1,1.00,RCM,RCM,RCM,RCM,RCM,RCM,,,,,,,,,,,,,,,,
MPI-ESM-1-2-HAM,r1i1p1f1,0.00,RCM,,,,RCM,,1,1.80,,,,0.41,0.65,0.59,0.28,1.80,2.96,,bb,2222222120.00,,250.00
MPI-ESM-1-2-HAM,r2i1p1f1,0.00,RCM,,,,RCM,,1,,,,,0.38,0.53,0.64,,,,,bb,,,
MPI-ESM-1-2-HAM,r3i1p1f1,0.00,RCM,,,,RCM,,,,,,,,,,,,,,bb bc dust oa so4 ss,,,
MRI-ESM2-0,r1i1p1f1,0.00,RCM,ESD,RCM,ESD,ESD,RCM,0,1.64,0.02,0.77,1.00,0.59,0.87,0.80,0.24,1.64,3.15,,bc dust oa so4 ss,2222112210.00,gregorian,100.00
MRI-ESM2-0,r2i1p1f1,0.00,ESD,ESD,ESD,ESD,ESD,ESD,0,,,,,0.45,0.81,0.74,,,,,bc dust oa so4 ss,,,
MRI-ESM2-0,r3i1p1f1,0.00,ESD,ESD,ESD,ESD,ESD,ESD,0,,,,,0.56,0.85,0.75,,,,,bc dust oa so4 ss,,,
MRI-ESM2-0,r4i1p1f1,0.00,ESD,ESD,ESD,ESD,ESD,ESD,0,,,,,0.53,0.85,0.80,,,,,bc dust oa so4 ss,,,
MRI-ESM2-0,r5i1p1f1,0.00,ESD,ESD,ESD,ESD,ESD,ESD,0,,,,,0.50,0.90,0.78,,,,,bc dust oa so4 ss,,,
NESM3,r1i1p1f1,0.00,3Dml,,3Dml,3Dml,,3Dml,2,2.72,0.01,,1.00,,,,0.37,2.72,4.72,,,2222221000.00,standard,250.00
NESM3,r2i1p1f1,0.00,3Dml,,3Dml,3Dml,,3Dml,0,,0.01,,,,,,,,,,,,,
NorCPM1,r1i1p1f1,0.00,Basic,,,,,,1,1.56,,,,,,,0.27,1.56,3.05,,,,,
NorESM2-LM,r1i1p1f1,1.00,RCM,,RCM,RCM,RCM,RCM,1,1.48,,0.79,0.00,0.71,0.86,0.82,0.18,1.48,2.54,,bc dust oa so4 ss,2222122120.00,365_day,250.00
NorESM2-LM,r2i1p1f1,0.00,ESD,,,RCM,Basic,,0,,,,,0.70,0.90,0.84,,,,,bc dust oa so4 ss,,,
NorESM2-LM,r3i1p1f1,0.00,ESD,,,RCM,Basic,,0,,,,,0.71,0.90,0.77,,,,,bc dust oa so4 ss,,,
NorESM2-MM,r1i1p1f1,1.00,RCM,,RCM,3Dml,RCM,RCM,0,1.33,0.03,0.75,1.00,0.68,0.97,0.83,0.19,1.33,2.50,CESM,bc dust oa so4 ss,2222122120.00,365_day,100.00
NorESM2-MM,r2i1p1f1,0.00,3Dml,,,3Dml,,,0,,,,,0.67,0.88,0.76,,,,,,,,
NorESM2-MM,r3i1p1f1,0.00,3Dml,,,,,,0,,,,,0.66,0.79,0.75,,,,,,,,
SAM0-UNICON,r1i1p1f1,0.00,3Dml,,,,,,0,2.27,,,,,,,0.18,2.27,3.72,,,2222222000.00,,100.00
TaiESM1,r1i1p1f1,1.00,RCM,,RCM,RCM,RCM,RCM,1,2.34,,0.75,0.00,0.62,0.70,0.75,,2.34,4.31,,dust,2222222000.00,365_day,100.00
UKESM1-0-LL,r1i1p1f2,1.00,RCM,ESD,RCM,RCM,RCM,RCM,2,2.79,0.01,0.85,0.00,,,,,2.79,5.34,HadGEM,dust,,360_day,250.00
UKESM1-0-LL,r2i1p1f2,1.00,RCM,ESD,RCM,RCM,RCM,RCM,2,2.79,0.01,,0.00,,,,,2.79,,HadGEM,dust,,,250.00
UKESM1-0-LL,r3i1p1f2,1.00,RCM,ESD,RCM,RCM,RCM,RCM,2,2.79,0.01,,0.00,,,,,2.79,,HadGEM,dust,,,250.00
UKESM1-0-LL,r4i1p1f2,0.00,ESD,ESD,ESD,ESD,ESD,ESD,0,,0.01,,,,,,,,,HadGEM,dust,,,
UKESM1-0-LL,r5i1p1f2,0.00,,,ESD,Basic,ESD,,0,,0.01,,,,,,,,,HadGEM,dust,,,
UKESM1-0-LL,r6i1p1f2,0.00,,,ESD,Basic,ESD,,,,,,,,,,,,,HadGEM,dust,,,
UKESM1-0-LL,r7i1p1f2,0.00,,,ESD,Basic,ESD,,,,,,,,,,,,,HadGEM,dust,,,
UKESM1-0-LL,r8i1p1f2,0.00,ESD,ESD,ESD,ESD,ESD,ESD,,,,,,,,,,,,HadGEM,dust,,,
UKESM1-0-LL,r9i1p1f2,0.00,ESD,,ESD,Basic,ESD,,,,,,,,,,,,,HadGEM,dust,,,
UKESM1-0-LL,r10i1p1f2,0.00,ESD,,ESD,Basic,ESD,,,,,,,,,,,,,HadGEM,dust,,,
UKESM1-0-LL,r11i1p1f2,0.00,ESD,,ESD,Basic,ESD,,,,,,,,,,,,,HadGEM,dust,,,
UKESM1-0-LL,r12i1p1f2,0.00,ESD,,ESD,Basic,ESD,,,,,,,,,,,,,HadGEM,dust,,,
UKESM1-0-LL,r13i1p1f2,0.00,-,,ESD,ESD,Basic,Basic,,,,,,,,,,,,HadGEM,dust,,,
UKESM1-0-LL,r14i1p1f2,0.00,Basic,,ESD,ESD,ESD,Basic,,,,,,,,,,,,HadGEM,dust,,,
UKESM1-0-LL,r15i1p1f2,0.00,-,,ESD,ESD,ESD,ESD,,,,,,,,,,,,HadGEM,dust,,,
UKESM1-0-LL,r16i1p1f2,0.00,ESD,,ESD,Basic,ESD,,,,,,,,,,,,,HadGEM,dust,,,
UKESM1-0-LL,r17i1p1f2,0.00,ESD,,ESD,Basic,ESD,,,,,,,,,,,,,HadGEM,dust,,,
UKESM1-0-LL,r18i1p1f2,0.00,ESD,,ESD,Basic,ESD,,,,,,,,,,,,,HadGEM,dust,,,
UKESM1-0-LL,r19i1p1f2,0.00,ESD,,ESD,Basic,ESD,,,,,,,,,,,,,HadGEM,dust,,,
