,,1. Availability,1. Availability,1. Availability,1. Availability,1. Availability,1. Availability,1. Availability,2. Plausibility,2. Plausibility,2. Plausibility,2. Plausibility,2. Plausibility,2. Plausibility,2. Plausibility,2. Plausibility,2. Plausibility,2. Plausibility,2. Plausibility,2. Plausibility,2. Plausibility,2. Plausibility,2. Plausibility,2. Plausibility,2. Plausibility,2. Plausibility,2. Plausibility,2. Plausibility,2. Plausibility,2. Plausibility,2. Plausibility,2. Plausibility,2. Plausibility,2. Plausibility,3. Spread of future outcomes,3. Spread of future outcomes,3. Spread of future outcomes,3. Spread of future outcomes,3. Spread of future outcomes,3. Spread of future outcomes,3. Spread of future outcomes,3. Spread of future outcomes,3. Spread of future outcomes,3. Spread of future outcomes,3. Spread of future outcomes,3. Spread of future outcomes,4. Other criteria,4. Other criteria,4. Other criteria,4. Other criteria,4. Other criteria
. Plausible values,max,,,,,,,,,2.40,0.20,1.00,1.00,1.00,2.00,2.00,0.20,0.00,3.00,2.00,2.00,2.00,2.00,2.00,2.00,2.00,2.00,1.00,2.00,2.00,2.00,2.00,2.50,2.50,,,,,,,,,,,,,,,,,
. Plausible values,min,,,,,,,,,1.20,0.01,0.00,1.00,0.00,0.00,0.00,0.00,-999.00,-3.00,1.00,1.00,1.00,1.00,1.00,1.00,1.00,0.00,0.00,1.00,1.00,1.00,1.00,0.00,0.00,,,,,,,,,,,,,,,,,
model,run,synthesis,historical,ssp119,ssp126,ssp245,ssp370,ssp585,Synthesis,AR6 TCR,Bru20 perf,Dalelane MNQS,Qasmi Constr Global Dtas ssp245 2050,Bra21 Lamb EUR,Dav20 blocking freq DJF,Dav20 blocking freq JJA,Nabat EUR AOD,Nabat EUR AOD hist trend,Oud20 jetpos,Palmer23 EUR Circ DJF,Palmer23 EUR Circ JJA,Palmer23 EUR Blocking DJFM,Palmer23 EUR Blocking JJAS,Palmer23 EUR Storm Track DJF,Palmer23 EUR Storm Track JJA,Palmer23 EUR AMOC,Pri20 storm track,Winderlich SCQS,Palmer23 MED tas DJF,Palmer23 MED tas JJA,Palmer23 MED Storm Track DJF,Palmer23 MED Storm Track JJA,Dobler SST rmse SNA,Dobler SST rmse BLK,AR6 TCR as spread,Mindlin21 tropampl ssp585,Sch20 ECS,Nabat EUR AOD future change ssp585,Oud20 jetposdelta ssp585,Atlas Dtas MED DJF ssp370,Atlas Dtas MED JJA ssp370,Atlas Dpr MED DJF ssp370,Atlas Dpr MED JJA ssp370,Qasmi Constrained Mediterranean Dtas ssp245 2050 JJA ssp245,Qasmi Constrained Mediterranean Dtas ssp245 2050 DJF ssp245,Sevault MED SST warming ssp585,Bru20 mfamily,Aer. species,Bra21 complexity,Calendar,atm. res. km
ACCESS-CM2,r1i1p1f1,1.00,AORCM,,AORCM,AORCM,AORCM,AORCM,2,2.10,0.07,0.79,0.00,0.56,0.00,1.00,0.09,-0.12,,1.00,1.00,1.00,2.00,1.00,2.00,,2.00,0.84,2.00,1.00,1.00,1.00,0.60,-99.00,2.10,1.68,4.72,-0.03,,4.25,5.26,-1.41,-15.52,4.00,5.00,4.20,HadGEM,,2222002000.00,gregorian,250.00
ACCESS-CM2,r2i1p1f1,0.00,Basic,,Basic,Basic,Basic,Basic,1,,,,0.00,,,,,,,1.00,1.00,1.00,2.00,1.00,2.00,,,,2.00,1.00,1.00,1.00,,,,,,,,,,,,4.00,5.00,,,,,,
ACCESS-CM2,r3i1p1f1,0.00,Basic,,Basic,Basic,Basic,Basic,1,,,,0.00,,,,,,,1.00,1.00,1.00,2.00,1.00,2.00,,,,2.00,1.00,1.00,1.00,,,,1.68,,,,,,,,4.00,5.00,,,,,,
ACCESS-CM2,r4i1p1f1,1.00,AORCM,,AORCM,AORCM,AORCM,AORCM,0,2.10,0.07,,,,,,,,,1.00,1.00,1.00,2.00,1.00,2.00,,,,2.00,1.00,1.00,1.00,,,2.10,1.68,,,,,,,,,,,,,,,
ACCESS-CM2,r5i1p1f1,1.00,AORCM,,AORCM,AORCM,AORCM,AORCM,0,2.10,0.07,,,,,,,,,1.00,1.00,1.00,2.00,1.00,2.00,,,,2.00,1.00,1.00,1.00,,,2.10,1.67,,,,,,,,,,,,,,,
ACCESS-ESM1-5,r1i1p1f1,0.00,RCM,,RCM,RCM,RCM,RCM,4,1.95,0.04,0.77,1.00,0.65,,,0.06,-0.07,,2.00,3.00,,,1.00,3.00,,3.00,,1.00,1.00,2.00,1.00,1.40,-99.00,1.95,1.64,3.87,-0.01,,3.50,4.87,-3.76,-13.74,3.00,4.00,4.00,,,2222122020.00,gregorian,250.00
ACCESS-ESM1-5,r2i1p1f1,0.00,AORCM,,ESD,ESD,ESD,ESD,2,,0.04,,1.00,,,,,,,2.00,3.00,,,1.00,3.00,,,,1.00,1.00,2.00,1.00,,,,,,,,,,,,3.00,4.00,,,,,,
ACCESS-ESM1-5,r3i1p1f1,0.00,AORCM,,ESD,ESD,ESD,ESD,2,,0.04,,1.00,0.65,,,,,,2.00,3.00,,,1.00,3.00,,,,1.00,1.00,2.00,1.00,,,,,,,,,,,,3.00,4.00,,,,,,
ACCESS-ESM1-5,r4i1p1f1,0.00,AORCM,,ESD,ESD,ESD,ESD,2,,,,1.00,,,,,,,2.00,3.00,,,1.00,3.00,,,,1.00,1.00,2.00,1.00,,,,,,,,,,,,3.00,4.00,,,,,,
ACCESS-ESM1-5,r5i1p1f1,0.00,AORCM,,ESD,ESD,ESD,ESD,2,,,,1.00,,,,,,,2.00,3.00,,,1.00,3.00,,,,1.00,1.00,2.00,1.00,,,,1.64,,,,,,,,3.00,4.00,,,,,,
ACCESS-ESM1-5,r6i1p1f1,1.00,AORCM,,AORCM,AORCM,AORCM,AORCM,2,,,,1.00,,,,,,,2.00,3.00,,,1.00,3.00,,,,1.00,1.00,2.00,1.00,,,,1.74,,,,,,,,3.00,4.00,,,,,,
ACCESS-ESM1-5,r7i1p1f1,0.00,AORCM,,ESD,ESD,ESD,ESD,2,,,,1.00,,,,,,,2.00,3.00,,,1.00,3.00,,,,1.00,1.00,2.00,1.00,,,,1.71,,,,,,,,3.00,4.00,,,,,,
ACCESS-ESM1-5,r8i1p1f1,0.00,AORCM,,ESD,ESD,ESD,ESD,2,,,,1.00,,,,,,,2.00,3.00,,,1.00,3.00,,,,1.00,1.00,2.00,1.00,,,,1.72,,,,,,,,3.00,4.00,,,,,,
ACCESS-ESM1-5,r9i1p1f1,0.00,AORCM,,ESD,ESD,ESD,ESD,2,,,,1.00,,,,,,,2.00,3.00,,,1.00,3.00,,,,1.00,1.00,2.00,1.00,,,,1.70,,,,,,,,3.00,4.00,,,,,,
ACCESS-ESM1-5,r10i1p1f1,0.00,AORCM,,ESD,ESD,ESD,ESD,2,,,,1.00,,,,,,,2.00,3.00,,,1.00,3.00,,,,1.00,1.00,2.00,1.00,,,,1.68,,,,,,,,3.00,4.00,,,,,,
ACCESS-ESM1-5,r11i1p1f1,0.00,Basic,,ESD,ESD,ESD,ESD,0,,,,1.00,,,,,,,,,,,,,,,,,,,,,,,,,,,,,,,3.00,4.00,,,,,,
ACCESS-ESM1-5,r19i1p1f1,0.00,Basic,,ESD,ESD,ESD,ESD,0,,,,1.00,,,,,,,,,,,,,,,,,,,,,,,,,,,,,,,3.00,4.00,,,,,,
ACCESS-ESM1-5,r21i1p1f1,0.00,Basic,,ESD,ESD,ESD,ESD,0,,,,1.00,,,,,,,,,,,,,,,,,,,,,,,,,,,,,,,3.00,4.00,,,,,,
ACCESS-ESM1-5,r24i1p1f1,0.00,Basic,,ESD,ESD,ESD,ESD,0,,,,1.00,,,,,,,,,,,,,,,,,,,,,,,,,,,,,,,3.00,4.00,,,,,,
ACCESS-ESM1-5,r25i1p1f1,0.00,Basic,,ESD,ESD,ESD,ESD,0,,,,1.00,,,,,,,,,,,,,,,,,,,,,,,,,,,,,,,3.00,4.00,,,,,,
ACCESS-ESM1-5,r26i1p1f1,0.00,Basic,,ESD,ESD,ESD,ESD,0,,,,1.00,,,,,,,,,,,,,,,,,,,,,,,,,,,,,,,3.00,4.00,,,,,,
ACCESS-ESM1-5,r27i1p1f1,0.00,Basic,,ESD,ESD,ESD,ESD,0,,,,1.00,,,,,,,,,,,,,,,,,,,,,,,,,,,,,,,3.00,4.00,,,,,,
ACCESS-ESM1-5,r28i1p1f1,0.00,Basic,,ESD,ESD,ESD,ESD,0,,,,1.00,,,,,,,,,,,,,,,,,,,,,,,,,,,,,,,3.00,4.00,,,,,,
ACCESS-ESM1-5,r29i1p1f1,0.00,Basic,,ESD,ESD,ESD,ESD,0,,,,1.00,,,,,,,,,,,,,,,,,,,,,,,,,,,,,,,3.00,4.00,,,,,,
AWI-CM-1-1-MR,r1i1p1f1,0.00,-,,ESD,ESD,ESD,ESD,1,2.06,0.06,,0.00,,,,,,,,,,,,,,,,,,,,,,2.06,,3.16,,0.94,3.22,4.70,,,5.00,5.00,3.40,,,,gregorian,100.00
AWI-ESM-1-1-LR,r1i1p1f1,0.00,AORCM,,,,,,0,,,,,0.64,,,0.06,-0.11,,,,,,,,,1.00,0.79,,,,,,,,,,,,,,,,,,,,,2222220100.00,,
BCC-CSM2-MR,r1i1p1f1,0.00,3Dml,,3Dml,3Dml,3Dml,3Dml,0,1.72,0.02,0.78,1.00,0.65,1.00,1.00,,,-1.49,,,,,,,,2.00,0.83,,,,,1.00,1.80,1.72,1.71,3.04,,1.33,2.91,4.52,-14.01,-33.39,2.00,3.00,3.20,,,2222221120.00,365_day,100.00
BCC-ESM1,r1i1p1f1,0.00,ESD,,,,ESD,,0,1.77,,,,,2.00,2.00,0.13,-0.10,,1.00,1.00,1.00,2.00,1.00,2.00,1.00,,0.84,1.00,1.00,1.00,2.00,,,1.77,,3.26,,,,,,,,,,,dust so4 ss,,,
BCC-ESM1,r2i1p1f1,0.00,Basic,,,,ESD,,,,,,,,,,,,,,,,,,,,,,,,,,,,,,,,,,,,,,,,,dust so4 ss,,,
BCC-ESM1,r3i1p1f1,0.00,Basic,,,,ESD,,,,,,,,,,,,,,,,,,,,,,,,,,,,,,,,,,,,,,,,,dust so4 ss,,,
CAMS-CSM1-0,r1i1p1f1,0.00,-,-,-,-,-,-,0,1.73,0.06,,,,,,,,-1.91,1.00,1.00,,,,,2.00,,,2.00,2.00,,,,,1.73,1.89,,,-0.40,,,,,,,2.50,,,,365_day,100.00
CAMS-CSM1-0,r2i1p1f1,0.00,Basic,Basic,Basic,Basic,Basic,Basic,0,,0.06,,,,,,,,,1.00,1.00,,,,,2.00,,,2.00,2.00,,,,,,1.81,2.29,,,2.36,3.04,-3.17,-34.88,,,,,,,,
CAS-ESM2-0,r1i1p1f1,0.00,-,,-,-,-,-,0,2.04,,,1.00,,,,,,,,,,,,,,,,,,,,,,2.04,1.64,3.51,,,,,,,4.00,4.00,,,,,365_day,100.00
CAS-ESM2-0,r3i1p1f1,0.00,-,,-,-,-,-,0,,,,1.00,,,,,,,,,,,,,,,,,,,,,,,1.61,,,,,,,,4.00,4.00,,,,,,
CESM2,r1i1p1f1,0.00,ESD,,ESD,ESD,ESD,ESD,1,,0.02,0.79,0.00,,2.00,2.00,0.06,-0.02,,1.00,2.00,2.00,1.00,,,1.00,,0.83,1.00,1.00,,,1.50,2.30,,1.74,,-0.01,,,,,,3.00,3.00,,CESM,bc dust oa so4,,,
CESM2,r2i1p1f1,0.00,ESD,,AORCM,AORCM,AORCM,AORCM,1,2.06,0.02,0.75,0.00,,,,,,1.42,1.00,2.00,2.00,1.00,,,1.00,,,1.00,1.00,,,1.50,2.20,2.06,,5.16,,-1.53,,,,,,,3.80,CESM,bc dust oa so4 ss,,365_day,100.00
CESM2,r3i1p1f1,0.00,ESD,,,Basic,-,,0,,,,,,,,,,,1.00,2.00,2.00,1.00,,,1.00,,,1.00,1.00,,,,,,,,,,,,,,,,,,bc dust oa so4,,,
CESM2,r4i1p1f1,0.00,ESD,,ESD,ESD,ESD,ESD,1,,,,0.00,,,,,,,1.00,2.00,2.00,1.00,,,1.00,,,1.00,1.00,,,,,,,,,,2.90,4.49,-12.96,-17.91,,,,,bc dust oa so4,,,
CESM2,r5i1p1f1,0.00,ESD,,,,-,,0,,,,,,,,,,,1.00,2.00,2.00,1.00,,,1.00,,,1.00,1.00,,,,,,,,,,,,,,,,,,bc dust oa so4,,,
CESM2,r6i1p1f1,0.00,ESD,,,,-,,0,,,,,,,,,,,1.00,2.00,2.00,1.00,,,1.00,,,1.00,1.00,,,,,,,,,,,,,,,,,,bc dust oa so4,,,
CESM2,r10i1p1f1,0.00,-,,ESD,ESD,ESD,ESD,0,,,,,,,,,,,1.00,2.00,2.00,1.00,,,1.00,,,1.00,1.00,,,,,,,,,,,,,,,,,,bc dust oa so4,,,
CESM2,r11i1p1f1,1.00,AORCM,,AORCM,AORCM,AORCM,AORCM,1,2.06,0.02,,0.00,,,,,,,1.00,2.00,2.00,1.00,,,1.00,,,1.00,1.00,,,,,2.06,,,,,,,,,,,,,bc dust oa so4,,,100.00
CESM2-FV2,r1i1p1f1,0.00,Basic,,,,,,1,2.05,,,,,3.00,2.00,0.07,-0.01,,,,,,,,,,0.82,,,,,,,2.05,,5.14,,,,,,,,,,,,,,
CESM2-WACCM,r1i1p1f1,0.00,ESD,,ESD,Basic,Basic,ESD,1,1.98,0.01,,0.00,,1.00,2.00,0.06,-0.04,0.28,1.00,1.00,1.00,2.00,,,1.00,,,1.00,1.00,,,,,1.98,1.72,4.75,-0.00,0.11,2.88,4.34,-14.79,-25.60,2.00,3.00,3.80,CESM,bc dust oa so4,,365_day,100.00
CESM2-WACCM,r2i1p1f1,0.00,ESD,,,ESD,Basic,Basic,0,,,,,,,,,,,1.00,1.00,1.00,2.00,,,1.00,,,1.00,1.00,,,,,,,,,,,,,,,,,,bc dust oa so4,,,
CESM2-WACCM,r3i1p1f1,0.00,ESD,,,ESD,Basic,ESD,0,,,,,,,,,,,1.00,1.00,1.00,2.00,,,1.00,,,1.00,1.00,,,,,,,,,,,,,,,,,,bc dust oa so4,,,
CESM2-WACCM-FV2,r1i1p1f1,0.00,Basic,,,,,,1,2.01,,,,,3.00,2.00,0.15,-0.04,,,,,,,,,,0.81,,,,,,,2.01,,4.79,,,,,,,,,,,,,,
CIESM,r1i1p1f1,0.00,-,,-,-,,-,1,2.39,,,0.00,,,,,,,,,,,,,,,,,,,,,,2.39,1.69,,,,,,,,4.00,3.00,4.00,,,,365_day,100.00
CMCC-CM2-HR4,r1i1p1f1,0.00,Basic,,,,,,1,,,,,,,,,,,,,,,,,,3.00,,,,,,,,,,,,,,,,,,,,,,,,
CMCC-CM2-SR5,r1i1p1f1,1.00,AORCM,,AORCM,AORCM,AORCM,AORCM,1,2.09,,0.75,0.00,0.63,,,0.08,-0.00,,,,,,,,,2.00,0.85,,,,,0.80,1.80,2.09,1.58,3.52,-0.01,,3.29,4.60,-12.54,-8.62,5.00,5.00,4.00,,,,365_day,100.00
CMCC-ESM2,r1i1p1f1,1.00,AORCM,,AORCM,AORCM,AORCM,AORCM,1,,,,0.00,0.54,,,0.08,-0.00,,,,,,,,,,,,,,,0.90,2.00,,1.64,,-0.01,,,,,,5.00,5.00,,,,,365_day,100.00
CMCC-ESM2,r1i1p1f2,,,,,,,,0,,,0.75,,,,,,,,,,,,,,,,,,,,,,,,,,,,,,,,,,,,,,,
CNRM-CM6-1,r1i1p1f1,,,,,,,,0,,,0.79,,,,,,,,,,,,,,,,,,,,,,,,,,,,,,,,,,,,,,gregorian,
CNRM-CM6-1,r1i1p1f2,0.00,AORCM,,AORCM,ESD,ESD,AORCM,0,2.14,0.02,,1.00,0.75,0.00,1.00,0.07,-0.03,-2.79,1.00,2.00,1.00,2.00,,,1.00,,0.79,1.00,1.00,,,1.00,1.60,2.14,1.82,4.83,-0.01,0.84,2.82,4.75,-10.22,-35.20,3.00,3.00,3.40,CNRM,bc dust oa so4 ss,2222101100.00,,150.00
CNRM-CM6-1,r2i1p1f2,0.00,AORCM,,-,-,ESD,-,0,,0.02,,1.00,,,,,,,1.00,2.00,1.00,2.00,,,1.00,,,1.00,1.00,,,,,,1.82,,,,,,,,3.00,3.00,,CNRM,bc dust oa so4 ss,,,
CNRM-CM6-1,r3i1p1f2,0.00,AORCM,,-,-,ESD,-,0,,0.02,,1.00,,,,,,,1.00,2.00,1.00,2.00,,,1.00,,,1.00,1.00,,,,,,1.81,,,,,,,,3.00,3.00,,CNRM,bc dust oa so4 ss,,,
CNRM-CM6-1,r4i1p1f2,0.00,ESD,,-,-,-,-,0,,0.02,,1.00,,,,,,,1.00,2.00,1.00,2.00,,,1.00,,,1.00,1.00,,,,,,1.83,,,,,,,,3.00,3.00,,CNRM,,,,
CNRM-CM6-1,r5i1p1f2,0.00,ESD,,-,-,-,-,0,,0.02,,1.00,,,,,,,1.00,2.00,1.00,2.00,,,1.00,,,1.00,1.00,,,,,,1.82,,,,,,,,3.00,3.00,,CNRM,,,,
CNRM-CM6-1,r6i1p1f2,0.00,ESD,,-,-,-,-,0,,0.02,,1.00,,,,,,,1.00,2.00,1.00,2.00,,,1.00,,,1.00,1.00,,,,,,1.79,,,,,,,,3.00,3.00,,CNRM,,,,
CNRM-CM6-1-HR,r1i1p1f1,,,,,,,,,,,,,,,,,,,,,,,,,,,,,,,,,,,,,,,,,,,,,,,,,gregorian,
CNRM-CM6-1-HR,r1i1p1f2,0.00,AORCM,,ESD,-,-,ESD,2,2.48,0.02,,0.00,0.82,0.00,1.00,0.07,-0.03,,1.00,1.00,1.00,2.00,1.00,1.00,1.00,1.00,,1.00,2.00,2.00,1.00,1.30,1.10,2.48,,4.28,-0.01,,3.40,5.00,,,4.00,5.00,3.80,CNRM,,2222101100.00,,
CNRM-ESM2-1,r1i1p1f2,1.00,AORCM,AORCM,AORCM,AORCM,AORCM,AORCM,1,1.86,0.02,0.75,1.00,0.76,0.00,1.00,0.08,-0.04,-3.02,1.00,2.00,1.00,2.00,,,1.00,,0.79,1.00,1.00,,,1.30,2.10,1.86,1.81,4.76,-0.00,0.00,3.13,4.54,-11.15,-37.20,2.00,2.00,3.10,CNRM,bc dust oa so4 ss,2222222220.00,gregorian,150.00
CNRM-ESM2-1,r2i1p1f2,0.00,ESD,-,3Dml,3Dml,Basic,3Dml,0,,0.02,,1.00,,,,,,,1.00,2.00,1.00,2.00,,,1.00,,,1.00,1.00,,,,,,1.84,,,,,,,,2.00,2.00,,CNRM,bc dust oa so4 ss,,,
CNRM-ESM2-1,r3i1p1f2,0.00,ESD,-,3Dml,3Dml,Basic,3Dml,0,,0.02,,1.00,,,,,,,1.00,2.00,1.00,2.00,,,1.00,,,1.00,1.00,,,,,,1.80,,,,,,,,2.00,2.00,,CNRM,bc dust oa so4 ss,,,
CNRM-ESM2-1,r4i1p1f2,0.00,Basic,-,-,-,-,-,0,,0.02,,1.00,,,,,,,1.00,2.00,1.00,2.00,,,1.00,,,1.00,1.00,,,,,,1.78,,,,,,,,2.00,2.00,,CNRM,bc dust oa so4 ss,,,
CNRM-ESM2-1,r5i1p1f2,0.00,Basic,-,-,-,-,-,0,,0.02,,1.00,,,,,,,1.00,2.00,1.00,2.00,,,1.00,,,1.00,1.00,,,,,,1.75,,,,,,,,2.00,2.00,,CNRM,bc dust oa so4 ss,,,
CNRM-ESM2-1,r6i1p1f2,0.00,Basic,,,-,,,0,,,,1.00,,,,,,,,,,,,,,,,,,,,,,,,,,,,,,,2.00,2.00,,,,,,
CNRM-ESM2-1,r7i1p1f2,0.00,Basic,,,-,,,0,,,,1.00,,,,,,,,,,,,,,,,,,,,,,,,,,,,,,,2.00,2.00,,,,,,
CNRM-ESM2-1,r8i1p1f2,0.00,Basic,,,-,,,0,,,,1.00,,,,,,,,,,,,,,,,,,,,,,,,,,,,,,,2.00,2.00,,,,,,
CNRM-ESM2-1,r9i1p1f2,0.00,Basic,,,-,,,0,,,,1.00,,,,,,,,,,,,,,,,,,,,,,,,,,,,,,,2.00,2.00,,,,,,
CNRM-ESM2-1,r10i1p1f2,0.00,Basic,,,-,,,0,,,,1.00,,,,,,,,,,,,,,,,,,,,,,,,,,,,,,,2.00,2.00,,,,,,
CanESM5,r1i1p1f1,0.00,ESD,ESD,ESD,ESD,ESD,ESD,4,,,0.78,0.00,,3.00,0.00,0.09,-0.10,0.90,3.00,2.00,3.00,1.00,,,1.00,,0.82,2.00,1.00,,,1.80,1.60,,1.73,5.62,-0.01,0.98,4.75,6.20,-0.27,-10.76,5.00,5.00,5.10,CanESM,dust ss,2222222121.00,,
CanESM5,r1i1p2f1,1.00,AORCM,ESD,AORCM,AORCM,AORCM,AORCM,3,2.74,0.00,0.82,0.00,,,,,,,,,,,,,,,,,,,,1.90,1.70,2.74,1.72,,,,,,,,5.00,5.00,,CanESM,dust ss,,365_day,500.00
CanESM5,r2i1p1f1,0.00,ESD,ESD,ESD,ESD,ESD,ESD,3,,,,0.00,,,,,,,3.00,2.00,3.00,1.00,,,1.00,,,2.00,1.00,,,,,,1.75,,,,,,,,5.00,5.00,,,dust ss,,,
CanESM5,r2i1p2f1,1.00,AORCM,ESD,AORCM,AORCM,AORCM,AORCM,3,2.74,0.00,,0.00,,,,,,,,,,,,,,,,,,,,,,2.74,1.72,,,,,,,,5.00,5.00,,CanESM,dust ss,,,500.00
CanESM5,r3i1p1f1,0.00,ESD,ESD,ESD,ESD,ESD,ESD,3,,,,0.00,,,,,,,3.00,2.00,3.00,1.00,,,1.00,,,2.00,1.00,,,,,,1.71,,,,,,,,5.00,5.00,,,dust ss,,,
CanESM5,r3i1p2f1,1.00,AORCM,ESD,AORCM,AORCM,AORCM,AORCM,3,2.74,0.00,,0.00,,,,,,,,,,,,,,,,,,,,,,2.74,1.71,,,,,,,,5.00,5.00,,CanESM,dust ss,,,500.00
CanESM5,r4i1p1f1,0.00,ESD,ESD,ESD,ESD,ESD,ESD,3,,,,0.00,,,,,,,3.00,2.00,3.00,1.00,,,1.00,,,2.00,1.00,,,,,,1.71,,,,,,,,5.00,5.00,,,dust ss,,,
CanESM5,r4i1p2f1,0.00,ESD,ESD,ESD,ESD,ESD,ESD,2,,0.00,,0.00,,,,,,,,,,,,,,,,,,,,,,,1.72,,,,,,,,5.00,5.00,,CanESM,dust ss,,,
CanESM5,r5i1p1f1,0.00,ESD,ESD,ESD,ESD,ESD,ESD,3,,,,0.00,,,,,,,3.00,2.00,3.00,1.00,,,1.00,,,2.00,1.00,,,,,,1.71,,,,,,,,5.00,5.00,,,dust ss,,,
CanESM5,r5i1p2f1,0.00,ESD,ESD,ESD,ESD,ESD,ESD,2,,0.00,,0.00,,,,,,,,,,,,,,,,,,,,,,,1.70,,,,,,,,5.00,5.00,,CanESM,dust ss,,,
CanESM5,r6i1p1f1,0.00,ESD,ESD,ESD,ESD,ESD,ESD,3,,,,0.00,,,,,,,3.00,2.00,3.00,1.00,,,1.00,,,2.00,1.00,,,,,,1.72,,,,,,,,5.00,5.00,,,dust ss,,,
CanESM5,r6i1p2f1,0.00,ESD,ESD,ESD,ESD,ESD,ESD,2,,0.00,,0.00,,,,,,,,,,,,,,,,,,,,,,,1.71,,,,,,,,5.00,5.00,,CanESM,dust ss,,,
CanESM5,r7i1p1f1,0.00,ESD,ESD,ESD,ESD,ESD,ESD,3,,,,0.00,,,,,,,3.00,2.00,3.00,1.00,,,1.00,,,2.00,1.00,,,,,,1.73,,,,,,,,5.00,5.00,,,dust ss,,,
CanESM5,r7i1p2f1,0.00,ESD,ESD,ESD,ESD,ESD,ESD,2,,0.00,,0.00,,,,,,,,,,,,,,,,,,,,,,,1.74,,,,,,,,5.00,5.00,,CanESM,dust ss,,,
CanESM5,r8i1p1f1,0.00,ESD,ESD,ESD,ESD,ESD,ESD,3,,,,0.00,,,,,,,3.00,2.00,3.00,1.00,,,1.00,,,2.00,1.00,,,,,,1.68,,,,,,,,5.00,5.00,,,dust ss,,,
CanESM5,r8i1p2f1,0.00,ESD,ESD,ESD,ESD,ESD,ESD,2,,0.00,,0.00,,,,,,,,,,,,,,,,,,,,,,,1.71,,,,,,,,5.00,5.00,,CanESM,dust ss,,,
CanESM5,r9i1p1f1,0.00,ESD,ESD,ESD,ESD,ESD,ESD,3,,,,0.00,,,,,,,3.00,2.00,3.00,1.00,,,1.00,,,2.00,1.00,,,,,,1.73,,,,,,,,5.00,5.00,,,dust ss,,,
CanESM5,r9i1p2f1,0.00,ESD,ESD,ESD,ESD,ESD,ESD,2,,0.00,,0.00,,,,,,,,,,,,,,,,,,,,,,,1.72,,,,,,,,5.00,5.00,,CanESM,dust ss,,,
CanESM5,r10i1p1f1,0.00,ESD,Basic,ESD,ESD,ESD,ESD,3,,,,0.00,,,,,,,3.00,2.00,3.00,1.00,,,1.00,,,2.00,1.00,,,,,,1.70,,,,,,,,5.00,5.00,,,dust ss,,,
CanESM5,r10i1p2f1,0.00,ESD,ESD,ESD,ESD,ESD,ESD,2,,0.00,,0.00,,,,,,,,,,,,,,,,,,,,,,,1.73,,,,,,,,5.00,5.00,,CanESM,dust ss,,,
CanESM5,r11i1p1f1,0.00,ESD,ESD,Basic,Basic,Basic,Basic,3,,,,0.00,,,,,,,3.00,2.00,3.00,1.00,,,1.00,,,2.00,1.00,,,,,,1.72,,,,,,,,5.00,5.00,,,dust ss,,,
CanESM5,r11i1p2f1,0.00,Basic,ESD,Basic,Basic,Basic,Basic,2,,0.00,,0.00,,,,,,,,,,,,,,,,,,,,,,,1.71,,,,,,,,5.00,5.00,,CanESM,dust ss,,,
CanESM5,r12i1p1f1,0.00,ESD,ESD,Basic,Basic,Basic,Basic,3,,,,0.00,,,,,,,3.00,2.00,3.00,1.00,,,1.00,,,2.00,1.00,,,,,,1.73,,,,,,,,5.00,5.00,,,dust ss,,,
CanESM5,r12i1p2f1,0.00,Basic,ESD,Basic,Basic,Basic,Basic,2,,0.00,,0.00,,,,,,,,,,,,,,,,,,,,,,,1.72,,,,,,,,5.00,5.00,,CanESM,dust ss,,,
CanESM5,r13i1p1f1,0.00,ESD,ESD,Basic,Basic,Basic,Basic,3,,,,0.00,,,,,,,3.00,2.00,3.00,1.00,,,1.00,,,2.00,1.00,,,,,,1.73,,,,,,,,5.00,5.00,,,dust ss,,,
CanESM5,r13i1p2f1,0.00,Basic,ESD,Basic,Basic,Basic,Basic,2,,0.00,,0.00,,,,,,,,,,,,,,,,,,,,,,,1.73,,,,,,,,5.00,5.00,,CanESM,dust ss,,,
CanESM5,r14i1p1f1,0.00,ESD,ESD,Basic,Basic,Basic,Basic,3,,,,0.00,,,,,,,3.00,2.00,3.00,1.00,,,1.00,,,2.00,1.00,,,,,,1.69,,,,,,,,5.00,5.00,,,dust ss,,,
CanESM5,r14i1p2f1,0.00,Basic,ESD,Basic,Basic,Basic,Basic,2,,0.00,,0.00,,,,,,,,,,,,,,,,,,,,,,,1.72,,,,,,,,5.00,5.00,,CanESM,dust ss,,,
CanESM5,r15i1p1f1,0.00,ESD,ESD,Basic,Basic,Basic,Basic,3,,,,0.00,,,,,,,3.00,2.00,3.00,1.00,,,1.00,,,2.00,1.00,,,,,,1.70,,,,,,,,5.00,5.00,,,dust ss,,,
CanESM5,r15i1p2f1,0.00,Basic,ESD,Basic,Basic,Basic,Basic,2,,0.00,,0.00,,,,,,,,,,,,,,,,,,,,,,,1.72,,,,,,,,5.00,5.00,,CanESM,dust ss,,,
CanESM5,r16i1p1f1,0.00,ESD,ESD,Basic,Basic,Basic,Basic,3,,,,0.00,,,,,,,3.00,2.00,3.00,1.00,,,1.00,,,2.00,1.00,,,,,,1.71,,,,,,,,5.00,5.00,,,dust ss,,,
CanESM5,r16i1p2f1,0.00,Basic,ESD,Basic,Basic,Basic,Basic,2,,0.00,,0.00,,,,,,,,,,,,,,,,,,,,,,,1.72,,,,,,,,5.00,5.00,,CanESM,dust ss,,,
CanESM5,r17i1p1f1,0.00,ESD,ESD,Basic,Basic,Basic,Basic,3,,,,0.00,,,,,,,3.00,2.00,3.00,1.00,,,1.00,,,2.00,1.00,,,,,,1.69,,,,,,,,5.00,5.00,,,dust ss,,,
CanESM5,r17i1p2f1,0.00,Basic,ESD,Basic,Basic,Basic,Basic,2,,0.00,,0.00,,,,,,,,,,,,,,,,,,,,,,,1.74,,,,,,,,5.00,5.00,,CanESM,dust ss,,,
CanESM5,r18i1p1f1,0.00,ESD,ESD,Basic,Basic,Basic,Basic,3,,,,0.00,,,,,,,3.00,2.00,3.00,1.00,,,1.00,,,2.00,1.00,,,,,,1.70,,,,,,,,5.00,5.00,,,dust ss,,,
CanESM5,r18i1p2f1,0.00,Basic,ESD,Basic,Basic,Basic,Basic,2,,0.00,,0.00,,,,,,,,,,,,,,,,,,,,,,,1.72,,,,,,,,5.00,5.00,,CanESM,dust ss,,,
CanESM5,r19i1p1f1,0.00,ESD,ESD,Basic,Basic,Basic,Basic,3,,,,0.00,,,,,,,3.00,2.00,3.00,1.00,,,1.00,,,2.00,1.00,,,,,,1.72,,,,,,,,5.00,5.00,,,dust ss,,,
CanESM5,r19i1p2f1,0.00,Basic,ESD,Basic,Basic,Basic,Basic,2,,0.00,,0.00,,,,,,,,,,,,,,,,,,,,,,,1.69,,,,,,,,5.00,5.00,,CanESM,dust ss,,,
CanESM5,r20i1p1f1,0.00,ESD,ESD,Basic,Basic,Basic,Basic,3,,,,0.00,,,,,,,3.00,2.00,3.00,1.00,,,1.00,,,2.00,1.00,,,,,,1.72,,,,,,,,5.00,5.00,,,dust ss,,,
CanESM5,r20i1p2f1,0.00,Basic,ESD,Basic,Basic,Basic,Basic,2,,0.00,,0.00,,,,,,,,,,,,,,,,,,,,,,,1.70,,,,,,,,5.00,5.00,,CanESM,dust ss,,,
CanESM5,r21i1p1f1,0.00,ESD,ESD,Basic,Basic,Basic,Basic,3,,,,0.00,,,,,,,3.00,2.00,3.00,1.00,,,1.00,,,2.00,1.00,,,,,,1.72,,,,,,,,5.00,5.00,,,dust ss,,,
CanESM5,r21i1p2f1,0.00,Basic,ESD,Basic,Basic,Basic,Basic,2,,0.00,,0.00,,,,,,,,,,,,,,,,,,,,,,,1.71,,,,,,,,5.00,5.00,,CanESM,dust ss,,,
CanESM5,r22i1p1f1,0.00,ESD,ESD,Basic,Basic,Basic,Basic,3,,,,0.00,,,,,,,3.00,2.00,3.00,1.00,,,1.00,,,2.00,1.00,,,,,,1.72,,,,,,,,5.00,5.00,,,dust ss,,,
CanESM5,r22i1p2f1,0.00,Basic,ESD,Basic,Basic,Basic,Basic,2,,0.00,,0.00,,,,,,,,,,,,,,,,,,,,,,,1.69,,,,,,,,5.00,5.00,,CanESM,dust ss,,,
CanESM5,r23i1p1f1,0.00,ESD,ESD,Basic,Basic,Basic,Basic,3,,,,0.00,,,,,,,3.00,2.00,3.00,1.00,,,1.00,,,2.00,1.00,,,,,,1.70,,,,,,,,5.00,5.00,,,dust ss,,,
CanESM5,r23i1p2f1,0.00,Basic,ESD,Basic,Basic,Basic,Basic,2,,0.00,,0.00,,,,,,,,,,,,,,,,,,,,,,,1.72,,,,,,,,5.00,5.00,,CanESM,dust ss,,,
CanESM5,r24i1p1f1,0.00,ESD,ESD,Basic,Basic,Basic,Basic,3,,,,0.00,,,,,,,3.00,2.00,3.00,1.00,,,1.00,,,2.00,1.00,,,,,,1.73,,,,,,,,5.00,5.00,,,dust ss,,,
CanESM5,r24i1p2f1,0.00,Basic,ESD,Basic,Basic,Basic,Basic,2,,0.00,,0.00,,,,,,,,,,,,,,,,,,,,,,,1.73,,,,,,,,5.00,5.00,,CanESM,dust ss,,,
CanESM5,r25i1p1f1,0.00,ESD,ESD,Basic,Basic,Basic,Basic,3,,,,0.00,,,,,,,3.00,2.00,3.00,1.00,,,1.00,,,2.00,1.00,,,,,,1.74,,,,,,,,5.00,5.00,,,dust ss,,,
CanESM5,r25i1p2f1,0.00,Basic,ESD,Basic,Basic,Basic,Basic,2,,0.00,,0.00,,,,,,,,,,,,,,,,,,,,,,,1.72,,,,,,,,5.00,5.00,,CanESM,dust ss,,,
CanESM5,r26i1p2f1,0.00,-,,,,,,1,,0.00,,,,,,,,,,,,,,,,,,,,,,,,,,,,,,,,,,,,,,,,
CanESM5,r27i1p2f1,0.00,-,,,,,,1,,0.00,,,,,,,,,,,,,,,,,,,,,,,,,,,,,,,,,,,,,,,,
CanESM5,r28i1p2f1,0.00,-,,,,,,1,,0.00,,,,,,,,,,,,,,,,,,,,,,,,,,,,,,,,,,,,,,,,
CanESM5,r29i1p2f1,0.00,-,,,,,,1,,0.00,,,,,,,,,,,,,,,,,,,,,,,,,,,,,,,,,,,,,,,,
CanESM5,r30i1p2f1,0.00,-,,,,,,1,,0.00,,,,,,,,,,,,,,,,,,,,,,,,,,,,,,,,,,,,,,,,
CanESM5,r31i1p2f1,0.00,-,,,,,,1,,0.00,,,,,,,,,,,,,,,,,,,,,,,,,,,,,,,,,,,,,,,,
CanESM5,r32i1p2f1,0.00,-,,,,,,1,,0.00,,,,,,,,,,,,,,,,,,,,,,,,,,,,,,,,,,,,,,,,
CanESM5,r33i1p2f1,0.00,-,,,,,,1,,0.00,,,,,,,,,,,,,,,,,,,,,,,,,,,,,,,,,,,,,,,,
CanESM5,r34i1p2f1,0.00,-,,,,,,1,,0.00,,,,,,,,,,,,,,,,,,,,,,,,,,,,,,,,,,,,,,,,
CanESM5,r35i1p2f1,0.00,-,,,,,,1,,0.00,,,,,,,,,,,,,,,,,,,,,,,,,,,,,,,,,,,,,,,,
CanESM5,r36i1p2f1,0.00,-,,,,,,1,,0.00,,,,,,,,,,,,,,,,,,,,,,,,,,,,,,,,,,,,,,,,
CanESM5,r37i1p2f1,0.00,-,,,,,,1,,0.00,,,,,,,,,,,,,,,,,,,,,,,,,,,,,,,,,,,,,,,,
CanESM5,r38i1p2f1,0.00,-,,,,,,1,,0.00,,,,,,,,,,,,,,,,,,,,,,,,,,,,,,,,,,,,,,,,
CanESM5,r39i1p2f1,0.00,-,,,,,,1,,0.00,,,,,,,,,,,,,,,,,,,,,,,,,,,,,,,,,,,,,,,,
CanESM5,r40i1p2f1,0.00,-,,,,,,1,,0.00,,,,,,,,,,,,,,,,,,,,,,,,,,,,,,,,,,,,,,,,
CanESM5,r41i1p2f1,,,,,,,,1,,0.00,,,,,,,,,,,,,,,,,,,,,,,,,,,,,,,,,,,,,,,,
CanESM5,r42i1p2f1,,,,,,,,1,,0.00,,,,,,,,,,,,,,,,,,,,,,,,,,,,,,,,,,,,,,,,
CanESM5,r43i1p2f1,,,,,,,,1,,0.00,,,,,,,,,,,,,,,,,,,,,,,,,,,,,,,,,,,,,,,,
CanESM5,r44i1p2f1,,,,,,,,1,,0.00,,,,,,,,,,,,,,,,,,,,,,,,,,,,,,,,,,,,,,,,
CanESM5,r45i1p2f1,,,,,,,,1,,0.00,,,,,,,,,,,,,,,,,,,,,,,,,,,,,,,,,,,,,,,,
CanESM5,r46i1p2f1,,,,,,,,1,,0.00,,,,,,,,,,,,,,,,,,,,,,,,,,,,,,,,,,,,,,,,
CanESM5,r47i1p2f1,,,,,,,,1,,0.00,,,,,,,,,,,,,,,,,,,,,,,,,,,,,,,,,,,,,,,,
CanESM5,r48i1p2f1,,,,,,,,1,,0.00,,,,,,,,,,,,,,,,,,,,,,,,,,,,,,,,,,,,,,,,
CanESM5,r49i1p2f1,,,,,,,,1,,0.00,,,,,,,,,,,,,,,,,,,,,,,,,,,,,,,,,,,,,,,,
CanESM5,r50i1p2f1,,,,,,,,1,,0.00,,,,,,,,,,,,,,,,,,,,,,,,,,,,,,,,,,,,,,,,
CanESM5-CanOE,r1i1p1f1,,,,,,,,1,,0.00,,,,,,,,,,,,,,,,,,,,,,,,,,,,,,,,,5.00,5.00,5.20,CanESM,,,365_day,
CanESM5-CanOE,r1i1p2f1,0.00,-,,-,-,-,-,1,,,,0.00,,,,0.10,-0.10,,,,,,,,,,,,,,,,,,,,-0.02,,,,,,,,,,dust ss,,,
CanESM5-CanOE,r2i1p1f1,,,,,,,,1,,0.00,,,,,,,,,,,,,,,,,,,,,,,,,,,,,,,,,5.00,5.00,,CanESM,,,,
CanESM5-CanOE,r2i1p2f1,0.00,-,,-,-,-,-,,,,,,,,,,,,,,,,,,,,,,,,,,,,,,,,,,,,,,,,dust ss,,,
CanESM5-CanOE,r3i1p1f1,,,,,,,,1,,0.00,,,,,,,,,,,,,,,,,,,,,,,,,,,,,,,,,5.00,5.00,,CanESM,,,,
CanESM5-CanOE,r3i1p2f1,0.00,-,,-,-,-,-,,,,,,,,,,,,,,,,,,,,,,,,,,,,,,,,,,,,,,,,dust ss,,,
E3SM-1-0,r1i1p1f1,0.00,Basic,,,,,Basic,1,2.99,,,,,,,0.05,-0.03,,,,,,,,,,,,,,,,,2.99,1.49,5.32,,,,,,,,,,,,,,100.00
E3SM-1-0,r2i1p1f1,0.00,Basic,,,,,Basic,,,,,,,,,,,,,,,,,,,,,,,,,,,,1.50,,,,,,,,,,,,,,,
E3SM-1-0,r3i1p1f1,0.00,Basic,,,,,Basic,,,,,,,,,,,,,,,,,,,,,,,,,,,,1.49,,,,,,,,,,,,,,,
E3SM-1-0,r5i1p1f1,0.00,Basic,,,,,Basic,,,,,,,,,,,,,,,,,,,,,,,,,,,,1.49,,,,,,,,,,,,,,,
E3SM-1-1,r1i1p1f1,0.00,-,,,-,,-,0,,,,,,,,0.05,-0.04,,,,,,,,,,,,,,,,,,,,-0.01,,,,,,,,,,,,365_day,100.00
E3SM-1-1-ECA,r1i1p1f1,0.00,-,,,,,Basic,0,,,,,,,,0.04,-0.03,,,,,,,,,,,,,,,,,,,,,,,,,,,,,,,,,100.00
EC-Earth3,r1i1p1f1,1.00,AORCM,-,AORCM,AORCM,AORCM,AORCM,1,2.30,0.01,0.82,0.00,0.33,0.00,0.00,,,-0.26,1.00,1.00,1.00,1.00,1.00,1.00,1.00,0.00,0.82,1.00,1.00,1.00,1.00,1.10,1.10,2.30,1.59,,,-0.06,4.07,5.86,2.03,-40.15,3.00,5.00,4.30,EC-Earth,MACv2-SP approach,2222101000.00,gregorian,100.00
EC-Earth3,r2i1p1f1,0.00,Basic,,,Basic,,,1,,0.01,,0.00,,,,,,,1.00,1.00,1.00,1.00,1.00,1.00,1.00,,,1.00,1.00,1.00,1.00,,,,,,,,,,,,3.00,5.00,,EC-Earth,,,,
EC-Earth3,r3i1p1f1,0.00,ESD,,,,,ESD,0,,0.01,,,,,,,,,1.00,1.00,1.00,1.00,1.00,1.00,1.00,,,1.00,1.00,1.00,1.00,,,,,,,,,,,,,,,EC-Earth,,,,
EC-Earth3,r4i1p1f1,0.00,ESD,ESD,ESD,ESD,ESD,ESD,1,,0.01,,0.00,,,,,,,1.00,1.00,1.00,1.00,1.00,1.00,1.00,,,1.00,1.00,1.00,1.00,,,,,,,,,,,,3.00,5.00,,EC-Earth,,,,
EC-Earth3,r5i1p1f1,0.00,RCM,RCM,RCM,RCM,RCM,RCM,0,,0.01,,,,,,,,,1.00,1.00,1.00,1.00,1.00,1.00,1.00,,,1.00,1.00,1.00,1.00,,,,,,,,,,,,,,,EC-Earth,,,,
EC-Earth3,r6i1p1f1,0.00,ESD,,ESD,ESD,ESD,ESD,1,,0.01,,0.00,,,,,,,1.00,1.00,1.00,1.00,1.00,1.00,1.00,,,1.00,1.00,1.00,1.00,,,,,,,,,,,,3.00,5.00,,EC-Earth,,,,
EC-Earth3,r7i1p1f1,0.00,Basic,,,Basic,,,1,,0.01,,0.00,,,,,,,1.00,1.00,1.00,1.00,1.00,1.00,1.00,,,1.00,1.00,1.00,1.00,,,,,,,,,,,,3.00,5.00,,EC-Earth,,,,
EC-Earth3,r9i1p1f1,0.00,ESD,,ESD,ESD,ESD,ESD,1,,,,0.00,,,,,,,,,,,,,,,,,,,,,,,,,,,,,,,3.00,5.00,,,,,,
EC-Earth3,r10i1p1f1,0.00,Basic,,,Basic,,,1,,,,0.00,,,,,,,,,,,,,,,,,,,,,,,,,,,,,,,3.00,5.00,,,,,,
EC-Earth3,r11i1p1f1,0.00,RCM,,RCM,RCM,RCM,RCM,1,,,,0.00,,,,,,,1.00,1.00,1.00,1.00,1.00,1.00,1.00,,,1.00,1.00,1.00,1.00,,,,,,,,,,,,3.00,5.00,,,,,,
EC-Earth3,r12i1p1f1,0.00,Basic,,,Basic,,,1,,,,0.00,,,,,,,,,,,,,,,,,,,,,,,,,,,,,,,3.00,5.00,,,,,,
EC-Earth3,r13i1p1f1,0.00,ESD,,ESD,ESD,ESD,ESD,1,,,,0.00,,,,,,,,,,,,,,,,,,,,,,,,,,,,,,,3.00,5.00,,,,,,
EC-Earth3,r14i1p1f1,0.00,Basic,,,Basic,,,1,,,,0.00,,,,,,,,,,,,,,,,,,,,,,,,,,,,,,,3.00,5.00,,,,,,
EC-Earth3,r15i1p1f1,0.00,ESD,,ESD,ESD,ESD,ESD,1,,,,0.00,,,,,,,,,,,,,,,,,,,,,,,,,,,,,,,3.00,5.00,,,,,,
EC-Earth3,r16i1p1f1,0.00,Basic,,,Basic,,,1,,,,0.00,,,,,,,,,,,,,,,,,,,,,,,,,,,,,,,3.00,5.00,,,,,,
EC-Earth3,r17i1p1f1,0.00,Basic,,,Basic,,,1,,,,0.00,,,,,,,,,,,,,,,,,,,,,,,,,,,,,,,3.00,5.00,,,,,,
EC-Earth3,r18i1p1f1,0.00,Basic,,,Basic,,,1,,,,0.00,,,,,,,,,,,,,,,,,,,,,,,,,,,,,,,3.00,5.00,,,,,,
EC-Earth3,r19i1p1f1,0.00,Basic,,,Basic,,,1,,,,0.00,,,,,,,,,,,,,,,,,,,,,,,,,,,,,,,3.00,5.00,,,,,,
EC-Earth3,r20i1p1f1,0.00,Basic,,,Basic,,,1,,,,0.00,,,,,,,,,,,,,,,,,,,,,,,,,,,,,,,3.00,5.00,,,,,,
EC-Earth3,r21i1p1f1,0.00,Basic,,,Basic,,,1,,,,0.00,,,,,,,,,,,,,,,,,,,,,,,,,,,,,,,3.00,5.00,,,,,,
EC-Earth3,r22i1p1f1,0.00,Basic,,,Basic,,,1,,,,0.00,,,,,,,,,,,,,,,,,,,,,,,,,,,,,,,3.00,5.00,,,,,,
EC-Earth3,r23i1p1f1,0.00,Basic,,,Basic,,,1,,,,0.00,,,,,,,,,,,,,,,,,,,,,,,,,,,,,,,3.00,5.00,,,,,,
EC-Earth3,r24i1p1f1,0.00,Basic,,,Basic,,,1,,,,0.00,,,,,,,,,,,,,,,,,,,,,,,,,,,,,,,3.00,5.00,,,,,,
EC-Earth3,r25i1p1f1,0.00,Basic,,,Basic,,,1,,,,0.00,,,,,,,,,,,,,,,,,,,,,,,,,,,,,,,3.00,5.00,,,,,,
EC-Earth3-AerChem,r1i1p1f1,0.00,Basic,,,,ESD,,0,,,,,0.40,,,0.05,-0.06,,,,,,,,,0.00,,,,,,,,,,,,,,,,,,,,,bc dust no3 oa so4 ss,2222102000.00,,100.00
EC-Earth3-AerChem,r4i1p1f1,0.00,Basic,,,ESD,ESD,,,,,,,,,,,,,,,,,,,,,,,,,,,,,,,,,,,,,,,,,bc dust no3 oa so4 ss,,,
EC-Earth3-CC,r1i1p1f1,0.00,Basic,,,ESD,,ESD,0,,,,,0.33,,,,,,,,,,,,,1.00,,,,,,,,,,,,,,,,,,,,,,2222221020.00,gregorian,100.00
EC-Earth3-Veg,r1i1p1f1,1.00,AORCM,AORCM,AORCM,AORCM,AORCM,AORCM,2,2.62,0.01,0.80,0.00,0.39,,,,,-0.69,1.00,1.00,,,1.00,1.00,1.00,1.00,0.82,1.00,1.00,1.00,1.00,1.00,1.30,2.62,,4.31,,-0.12,3.63,5.27,-6.31,-26.30,4.00,5.00,3.90,EC-Earth,MACv2-SP approach,2222221000.00,gregorian,100.00
EC-Earth3-Veg,r2i1p1f1,0.00,RCM,RCM,RCM,RCM,RCM,RCM,2,2.62,0.01,,0.00,,,,,,,1.00,1.00,,,1.00,1.00,1.00,,,1.00,1.00,1.00,1.00,,,2.62,,4.31,,,,,,,4.00,5.00,,EC-Earth,MACv2-SP approach,2222221000.00,gregorian,100.00
EC-Earth3-Veg,r3i1p1f1,0.00,RCM,RCM,RCM,RCM,RCM,RCM,2,2.62,0.01,,0.00,,,,,,,1.00,1.00,,,1.00,1.00,1.00,,,1.00,1.00,1.00,1.00,,,2.62,,4.31,,,,,,,4.00,5.00,,EC-Earth,MACv2-SP approach,2222221000.00,gregorian,100.00
EC-Earth3-Veg,r4i1p1f1,0.00,Basic,,ESD,ESD,ESD,ESD,1,,,,0.00,,,,,,,1.00,1.00,,,1.00,1.00,1.00,,,1.00,1.00,1.00,1.00,,,,,4.31,,,,,,,4.00,5.00,,EC-Earth,,,gregorian,
EC-Earth3-Veg,r5i1p1f1,0.00,Basic,,,Basic,,,0,,,,,,,,,,,1.00,1.00,,,1.00,1.00,1.00,,,1.00,1.00,1.00,1.00,,,,,4.31,,,,,,,,,,EC-Earth,,,gregorian,
EC-Earth3-Veg,r6i1p1f1,0.00,Basic,,ESD,ESD,,ESD,2,2.62,0.01,,0.00,0.36,,,,,,1.00,1.00,,,1.00,1.00,1.00,,,1.00,1.00,1.00,1.00,,,2.62,,4.31,,,,,,,4.00,5.00,,EC-Earth,,2222221000.00,gregorian,100.00
EC-Earth3-Veg-LR,r1i1p1f1,0.00,Basic,ESD,ESD,ESD,ESD,ESD,0,,,,,0.41,,,,,,,,,,,,,1.00,,,,,,,,,,,,,3.43,4.60,4.45,-20.56,,,,,,2222221000.00,gregorian,250.00
FGOALS-f3-L,r1i1p1f1,0.00,3Dml,,-,-,-,-,6,1.94,0.03,,0.00,,3.00,0.00,,,,3.00,1.00,3.00,1.00,3.00,2.00,,3.00,0.79,1.00,2.00,,,,,1.94,,3.00,,,,,,,2.00,4.00,2.80,,,,365_day,100.00
FGOALS-g3,r1i1p1f1,0.00,3Dml,3Dml,3Dml,ESD,3Dml,ESD,5,1.54,0.00,,1.00,,3.00,1.00,,,-0.43,3.00,2.00,3.00,2.00,,,,,0.80,1.00,2.00,,,0.90,-99.00,1.54,1.86,2.88,,0.80,2.29,2.92,-4.16,-14.57,1.00,3.00,2.10,,,,365_day,250.00
FGOALS-g3,r2i1p1f1,0.00,-,,3Dml,3Dml,3Dml,3Dml,2,,,,1.00,,,,,,,3.00,2.00,3.00,2.00,,,,,,1.00,2.00,,,,,,1.94,,,,,,,,1.00,3.00,,,,,,
FGOALS-g3,r3i1p1f1,0.00,3Dml,,3Dml,3Dml,3Dml,3Dml,2,,,,1.00,0.96,,,,,,3.00,2.00,3.00,2.00,,,,,,1.00,2.00,,,,,,1.84,,,,,,,,1.00,3.00,,,,,,
FGOALS-g3,r4i1p1f1,0.00,3Dml,,3Dml,3Dml,3Dml,3Dml,2,,,,1.00,,,,,,,3.00,2.00,3.00,2.00,,,,,,1.00,2.00,,,,,,1.96,,,,,,,,1.00,3.00,,,,,,
FIO-ESM-2-0,r1i1p1f1,0.00,-,,-,-,,-,1,2.22,0.08,,0.00,,,,,,,,,,,,,,,,,,,,,,2.22,1.51,,,,,,,,4.00,4.00,3.40,,,,365_day,100.00
FIO-ESM-2-0,r2i1p1f1,0.00,-,,-,-,,-,1,,0.08,,0.00,,,,,,,,,,,,,,,,,,,,,,,1.50,,,,,,,,4.00,4.00,,,,,,
FIO-ESM-2-0,r3i1p1f1,0.00,-,,-,-,,-,1,,0.08,,0.00,,,,,,,,,,,,,,,,,,,,,,,1.51,,,,,,,,4.00,4.00,,,,,,
GFDL-CM4,r1i1p1f1,0.00,ESD,,,ESD,,ESD,0,,,,1.00,0.64,,,0.05,-0.13,-2.10,1.00,1.00,,,1.00,1.00,1.00,1.00,,1.00,1.00,1.00,1.00,,,,,,-0.01,1.30,,,,,3.00,3.00,3.90,,,2222212110.00,,100.00
GFDL-ESM4,r1i1p1f1,0.00,Basic,Basic,Basic,Basic,Basic,Basic,1,1.61,0.13,,1.00,0.74,,,0.07,-0.10,-3.40,1.00,1.00,,,,,,,,1.00,1.00,,,,,1.61,,,-0.03,0.32,2.63,4.02,-0.93,-26.09,1.00,2.00,2.70,,bc dust no3 oa so4 ss,2222222220.00,,100.00
GFDL-ESM4,r2i1p1f1,0.00,Basic,,,-,,,0,,,,1.00,,,,,,,1.00,1.00,,,,,,,,1.00,1.00,,,0.80,1.00,,,,,,,,,,1.00,2.00,,,,,,
GFDL-ESM4,r3i1p1f1,0.00,Basic,,,-,,,0,,,,1.00,,,,,,,,,,,,,,,,,,,,,,,,,,,,,,,1.00,2.00,,,,,,
GISS-E2-1-G,r1i1p1f1,0.00,3Dml,,,,,,2,1.80,,,,0.71,3.00,0.00,,,,,,,,,,,3.00,0.79,,,,,,,1.80,,2.72,,,,,,,,,2.90,,,2222101100.00,365_day,250.00
GISS-E2-1-G,r1i1p1f2,0.00,3Dml,3Dml,3Dml,3Dml,3Dml,3Dml,,,,,,,,,,,,,,,,,,,,,,,,,,,,1.82,,,,,,,,,,,,,,,
GISS-E2-1-G,r1i1p3f1,0.00,-,-,-,-,-,-,4,,0.05,,1.00,,,,0.51,-0.27,,3.00,1.00,3.00,1.00,3.00,1.00,1.00,,,1.00,1.00,2.00,1.00,,,,2.00,,-0.17,,,,,,2.00,3.00,,,bb bc dust no3 oa so4 ss,,,
GISS-E2-1-G,r1i1p3f2,0.00,,,,,-,,,,,,,,,,,,,,,,,,,,,,,,,,,,,,,,,,,,,,,,,bb bc dust no3 oa so4 ss,,,
GISS-E2-1-G,r1i1p5f1,0.00,-,-,-,-,-,-,0,,,,1.00,,,,0.12,-0.13,,,,,,,,,,,,,,,,,,,,-0.06,,,,,,2.00,3.00,,,,,,
GISS-E2-1-G,r2i1p1f2,0.00,-,-,-,3Dml,-,-,,,,,,,,,,,,,,,,,,,,,,,,,,,,1.98,,,,,,,,,,,,,,,
GISS-E2-1-G,r2i1p3f1,0.00,-,,-,-,-,-,3,,,,1.00,,,,,,,3.00,1.00,3.00,1.00,3.00,1.00,1.00,,,1.00,1.00,2.00,1.00,,,,1.99,,,,,,,,2.00,3.00,,,bb bc dust no3 oa so4 ss,,,
GISS-E2-1-G,r2i1p3f2,0.00,,,,,-,,,,,,,,,,,,,,,,,,,,,,,,,,,,,,,,,,,,,,,,,bb bc dust no3 oa so4 ss,,,
GISS-E2-1-G,r2i1p5f1,0.00,-,,-,-,-,-,0,,,,1.00,,,,,,,,,,,,,,,,,,,,,,,1.98,,,,,,,,2.00,3.00,,,,,,
GISS-E2-1-G,r3i1p1f2,0.00,-,-,-,-,-,-,,,,,,,,,,,,,,,,,,,,,,,,,,,,2.04,,,,,,,,,,,,,,,
GISS-E2-1-G,r3i1p3f1,0.00,-,,-,-,-,-,3,,,,1.00,,,,,,,3.00,1.00,3.00,1.00,3.00,1.00,1.00,,,1.00,1.00,2.00,1.00,,,,1.98,,,,,,,,2.00,3.00,,,bb bc dust no3 oa so4 ss,,,
GISS-E2-1-G,r3i1p3f2,0.00,,,,,-,,,,,,,,,,,,,,,,,,,,,,,,,,,,,,,,,,,,,,,,,bb bc dust no3 oa so4 ss,,,
GISS-E2-1-G,r3i1p5f1,0.00,-,,-,-,-,-,0,,,,1.00,,,,,,,,,,,,,,,,,,,,,,,1.98,,,,,,,,2.00,3.00,,,,,,
GISS-E2-1-G,r4i1p1f2,0.00,-,-,-,-,-,-,,,,,,,,,,,,,,,,,,,,,,,,,,,,2.04,,,,,,,,,,,,,,,
GISS-E2-1-G,r4i1p3f1,0.00,-,,-,-,-,-,3,,,,1.00,,,,,,,3.00,1.00,3.00,1.00,3.00,1.00,1.00,,,1.00,1.00,2.00,1.00,,,,2.00,,,,,,,,2.00,3.00,,,bb bc dust no3 oa so4 ss,,,
GISS-E2-1-G,r4i1p5f1,0.00,-,,-,-,-,-,0,,,,1.00,,,,,,,,,,,,,,,,,,,,,,,2.03,,,,,,,,2.00,3.00,,,,,,
GISS-E2-1-G,r5i1p3f1,0.00,-,,-,-,,-,0,,,,1.00,,,,,,,,,,,,,,,,,,,,,,,,,,,,,,,2.00,3.00,,,,,,
GISS-E2-1-H,r1i1p1f1,0.00,-,,,,,,0,1.93,,,,,,,,,,,,,,,,,,,,,,,,,1.93,,3.11,,,,,,,,,,,,,365_day,250.00
GISS-E2-1-H,r1i1p1f2,0.00,-,-,-,-,-,-,,,,,,,,,,,,,,,,,,,,,,,,,,,,1.80,,,,,,,,,,,,,,,
GISS-E2-1-H,r1i1p3f1,0.00,-,-,-,-,-,-,1,,,,,,,,0.47,-0.28,,,,,,,,,,,,,,,,,,1.84,,,,,,,,,,,,bb bc dust no3 oa so4 ss,,,
GISS-E2-1-H,r1i1p5f1,0.00,-,,,,,,0,,,,,,,,0.12,-0.13,,,,,,,,,,,,,,,,,,,,,,,,,,,,,,,,,
GISS-E2-1-H,r2i1p1f2,0.00,-,,-,-,-,-,,,,,,,,,,,,,,,,,,,,,,,,,,,,1.83,,,,,,,,,,,,,,,
GISS-E2-1-H,r2i1p3f1,0.00,-,,-,-,,-,,,,,,,,,,,,,,,,,,,,,,,,,,,,1.77,,,,,,,,,,,,,,,
GISS-E2-1-H,r3i1p1f2,0.00,-,,-,-,-,-,,,,,,,,,,,,,,,,,,,,,,,,,,,,1.82,,,,,,,,,,,,,,,
GISS-E2-1-H,r3i1p3f1,0.00,-,,-,-,,-,,,,,,,,,,,,,,,,,,,,,,,,,,,,1.82,,,,,,,,,,,,,,,
GISS-E2-1-H,r4i1p1f2,0.00,-,,-,-,-,-,,,,,,,,,,,,,,,,,,,,,,,,,,,,1.85,,,,,,,,,,,,,,,
GISS-E2-1-H,r4i1p3f1,0.00,-,,-,-,,-,,,,,,,,,,,,,,,,,,,,,,,,,,,,1.83,,,,,,,,,,,,,,,
GISS-E2-1-H,r5i1p1f2,0.00,-,,-,-,-,-,,,,,,,,,,,,,,,,,,,,,,,,,,,,1.83,,,,,,,,,,,,,,,
GISS-E2-1-H,r5i1p3f1,0.00,-,,-,-,,-,,,,,,,,,,,,,,,,,,,,,,,,,,,,1.85,,,,,,,,,,,,,,,
GISS-E2-2-G,r1i1p1f1,0.00,Basic,,,,,,0,1.71,,,,,,,,,,,,,,,,,,,,,,,,,1.71,,,,,,,,,,,,,,,,
HadGEM3-GC31-LL,r1i1p1f1,,,,,,,,1,2.55,,,,,,,,,,,,,,,,,1.00,,,,,,,,2.55,,,,,,,,,,,4.50,,,,360_day,
HadGEM3-GC31-LL,r1i1p1f3,0.00,AORCM,,AORCM,AORCM,,AORCM,2,,0.00,0.82,0.00,,0.00,2.00,0.09,-0.12,,1.00,1.00,1.00,2.00,1.00,1.00,1.00,,0.83,1.00,1.00,1.00,2.00,,,,1.56,5.55,-0.03,,,,,,4.00,5.00,,HadGEM,,,,
HadGEM3-GC31-LL,r2i1p1f3,0.00,ESD,,,Basic,,ESD,0,,,,,,,,,,,1.00,1.00,1.00,2.00,1.00,1.00,1.00,,,1.00,1.00,1.00,2.00,,,,1.55,,,,,,,,,,,,,,,
HadGEM3-GC31-LL,r3i1p1f3,0.00,ESD,,,Basic,,ESD,0,,,,,,,,,,,1.00,1.00,1.00,2.00,1.00,1.00,1.00,,,1.00,1.00,1.00,2.00,,,,1.54,,,,,,,,,,,,,,,
HadGEM3-GC31-LL,r4i1p1f3,0.00,ESD,,,Basic,,ESD,0,,,,,,,,,,,1.00,1.00,1.00,2.00,1.00,1.00,1.00,,,1.00,1.00,1.00,2.00,,,,1.59,,,,,,,,,,,,,,,
HadGEM3-GC31-MM,r1i1p1f1,,,,,,,,1,2.58,,,,,,,,,,,,,,,,,0.00,,,,,,,,2.58,,,,,,,,,,,4.40,,,,360_day,
HadGEM3-GC31-MM,r1i1p1f3,0.00,AORCM,,AORCM,,,AORCM,0,,,,,0.42,0.00,0.00,0.07,-0.11,,1.00,1.00,1.00,1.00,1.00,1.00,,,0.84,1.00,1.00,1.00,1.00,,,,1.57,5.42,-0.02,,,,,,,,,,,2222002000.00,,100.00
HadGEM3-GC31-MM,r2i1p1f3,0.00,ESD,,,,,ESD,0,,,,,,,,,,,1.00,1.00,1.00,1.00,1.00,1.00,,,,1.00,1.00,1.00,1.00,,,,1.56,,,,,,,,,,,,,,,
HadGEM3-GC31-MM,r3i1p1f3,0.00,ESD,,,,,ESD,0,,,,,,,,,,,1.00,1.00,1.00,1.00,1.00,1.00,,,,1.00,1.00,1.00,1.00,,,,1.59,,,,,,,,,,,,,,,
HadGEM3-GC31-MM,r4i1p1f3,0.00,ESD,,,,,ESD,0,,,,,,,,,,,1.00,1.00,1.00,1.00,1.00,1.00,,,,1.00,1.00,1.00,1.00,,,,1.57,,,,,,,,,,,,,,,
IITM-ESM,r1i1p1f1,0.00,3Dml,,3Dml,3Dml,3Dml,3Dml,0,1.71,,,,0.81,,,,,,,,,,,,,,,,,,,,,1.71,1.76,,,,2.31,2.63,1.38,-20.82,,,2.20,,,2222101020.00,standard,250.00
INM-CM4-8,r1i1p1f1,0.00,ESD,,ESD,ESD,ESD,ESD,4,1.33,0.01,,1.00,,1.00,3.00,0.15,-0.16,1.01,1.00,3.00,1.00,3.00,,,1.00,,0.81,1.00,3.00,,,,,1.33,1.66,1.83,-0.02,,2.31,3.86,-6.57,-15.06,3.00,1.00,2.60,INM,bc dust oa so4 ss,,365_day,100.00
INM-CM5-0,r1i1p1f1,0.00,ESD,,ESD,ESD,ESD,ESD,3,1.39,0.04,,1.00,,0.00,3.00,0.14,-0.16,0.03,1.00,3.00,1.00,3.00,,,1.00,,0.84,1.00,2.00,,,2.00,1.30,1.39,1.48,1.92,-0.02,,2.39,4.03,-6.48,-19.31,3.00,3.00,2.70,INM,bc dust oa so4 ss,,365_day,100.00
INM-CM5-0,r2i1p1f1,0.00,ESD,,,,ESD,,2,,,,,,,,,,,1.00,3.00,1.00,3.00,,,1.00,,,1.00,2.00,,,,,,,,,,,,,,,,,,bc dust oa so4 ss,,,
INM-CM5-0,r3i1p1f1,0.00,ESD,,,,ESD,,2,,,,,,,,,,,1.00,3.00,1.00,3.00,,,1.00,,,1.00,2.00,,,,,,,,,,,,,,,,,,bc dust oa so4 ss,,,
INM-CM5-0,r4i1p1f1,0.00,ESD,,,,ESD,,2,,,,,,,,,,,1.00,3.00,1.00,3.00,,,1.00,,,1.00,2.00,,,,,,,,,,,,,,,,,,bc dust oa so4 ss,,,
INM-CM5-0,r5i1p1f1,0.00,ESD,,,,ESD,,2,,,,,,,,,,,1.00,3.00,1.00,3.00,,,1.00,,,1.00,2.00,,,,,,,,,,,,,,,,,,bc dust oa so4 ss,,,
IPSL-CM5A2-INCA,r1i1p1f1,0.00,3Dml,,3Dml,,3Dml,,,,,,,,,,,,,,,,,,,,,,,,,,,,,,,,,,,,,,,,,bc dust no3 oa so4 ss,,,500.00
IPSL-CM6A-LR,r1i1p1f1,1.00,AORCM,AORCM,AORCM,AORCM,AORCM,AORCM,3,2.32,0.02,0.83,0.00,0.79,2.00,0.00,0.07,-0.03,-1.53,2.00,1.00,2.00,1.00,3.00,2.00,2.00,3.00,0.79,1.00,2.00,1.00,1.00,1.30,1.20,2.32,1.81,4.56,-0.03,2.17,3.30,5.02,-17.90,-24.67,5.00,5.00,4.10,,bc dust no3 oa so4 ss,2222221121.00,gregorian,250.00
IPSL-CM6A-LR,r2i1p1f1,1.00,AORCM,AORCM,AORCM,AORCM,AORCM,AORCM,2,2.32,0.02,,0.00,,,,,,,2.00,1.00,2.00,1.00,3.00,2.00,2.00,,,1.00,2.00,1.00,1.00,,,2.32,1.82,,,,,,,,5.00,5.00,,,bc dust no3 oa so4 ss,,,250.00
IPSL-CM6A-LR,r3i1p1f1,1.00,AORCM,AORCM,AORCM,AORCM,AORCM,AORCM,2,2.32,0.02,,0.00,,,,,,,2.00,1.00,2.00,1.00,3.00,2.00,2.00,,,1.00,2.00,1.00,1.00,,,2.32,1.82,,,,,,,,5.00,5.00,,,bc dust no3 oa so4 ss,,,250.00
IPSL-CM6A-LR,r4i1p1f1,1.00,AORCM,AORCM,AORCM,AORCM,AORCM,AORCM,2,2.32,0.02,,0.00,,,,,,,2.00,1.00,2.00,1.00,3.00,2.00,2.00,,,1.00,2.00,1.00,1.00,,,2.32,1.85,,,,,,,,5.00,5.00,,,bc dust no3 oa so4 ss,,,250.00
IPSL-CM6A-LR,r5i1p1f1,0.00,AORCM,,,AORCM,AORCM,,2,2.32,0.02,,0.00,,,,,,,2.00,1.00,2.00,1.00,3.00,2.00,2.00,,,1.00,2.00,1.00,1.00,,,2.32,,,,,,,,,5.00,5.00,,,bc dust no3 oa so4 ss,,,250.00
IPSL-CM6A-LR,r6i1p1f1,1.00,AORCM,AORCM,AORCM,AORCM,AORCM,AORCM,2,2.32,0.02,,0.00,,,,,,,2.00,1.00,2.00,1.00,3.00,2.00,2.00,,,1.00,2.00,1.00,1.00,,,2.32,1.75,,,,,,,,5.00,5.00,,,bc dust no3 oa so4 ss,,,250.00
IPSL-CM6A-LR,r7i1p1f1,0.00,AORCM,,,,AORCM,,1,,,,,,,,,,,2.00,1.00,2.00,1.00,3.00,2.00,2.00,,,1.00,2.00,1.00,1.00,,,,,,,,,,,,,,,,bc dust no3 oa so4 ss,,,
IPSL-CM6A-LR,r8i1p1f1,0.00,AORCM,,,,AORCM,,1,,,,,,,,,,,2.00,1.00,2.00,1.00,3.00,2.00,2.00,,,1.00,2.00,1.00,1.00,,,,,,,,,,,,,,,,bc dust no3 oa so4 ss,,,
IPSL-CM6A-LR,r9i1p1f1,0.00,AORCM,,,,AORCM,,1,,,,,,,,,,,2.00,1.00,2.00,1.00,3.00,2.00,2.00,,,1.00,2.00,1.00,1.00,,,,,,,,,,,,,,,,bc dust no3 oa so4 ss,,,
IPSL-CM6A-LR,r10i1p1f1,0.00,AORCM,,,AORCM,AORCM,,2,,,,0.00,,,,,,,2.00,1.00,2.00,1.00,3.00,2.00,2.00,,,1.00,2.00,1.00,1.00,,,,,,,,,,,,5.00,5.00,,,bc dust no3 oa so4 ss,,,
IPSL-CM6A-LR,r11i1p1f1,0.00,AORCM,,,AORCM,,,1,,,,0.00,,,,,,,2.00,,,,,,,,,,,,,,,,,,,,,,,,5.00,5.00,,,,,,
IPSL-CM6A-LR,r12i1p1f1,0.00,AORCM,,,,,,0,,,,,,,,,,,2.00,,,,,,,,,,,,,,,,,,,,,,,,,,,,,,,
IPSL-CM6A-LR,r13i1p1f1,0.00,AORCM,,,,,,0,,,,,,,,,,,2.00,,,,,,,,,,,,,,,,,,,,,,,,,,,,,,,
IPSL-CM6A-LR,r14i1p1f1,1.00,AORCM,AORCM,AORCM,AORCM,AORCM,AORCM,2,2.32,0.02,,0.00,0.68,,,,,,2.00,1.00,2.00,1.00,3.00,2.00,2.00,,,1.00,2.00,1.00,1.00,1.60,1.10,2.32,1.82,,,,,,,,5.00,5.00,,,bc dust no3 oa so4 ss,,,250.00
IPSL-CM6A-LR,r15i1p1f1,0.00,AORCM,,,,,,0,,,,,,,,,,,2.00,,,,,,,,,,,,,,,,,,,,,,,,,,,,,,,
IPSL-CM6A-LR,r16i1p1f1,0.00,AORCM,,,,,,0,,,,,,,,,,,2.00,,,,,,,,,,,,,,,,,,,,,,,,,,,,,,,
IPSL-CM6A-LR,r17i1p1f1,0.00,AORCM,,,,,,0,,,,,,,,,,,2.00,,,,,,,,,,,,,,,,,,,,,,,,,,,,,,,
IPSL-CM6A-LR,r18i1p1f1,0.00,AORCM,,,,,,0,,,,,,,,,,,2.00,,,,,,,,,,,,,,,,,,,,,,,,,,,,,,,
IPSL-CM6A-LR,r19i1p1f1,0.00,AORCM,,,,,,0,,,,,,,,,,,2.00,,,,,,,,,,,,,,,,,,,,,,,,,,,,,,,
IPSL-CM6A-LR,r20i1p1f1,0.00,AORCM,,,,,,0,,,,,,,,,,,2.00,,,,,,,,,,,,,,,,,,,,,,,,,,,,,,,
IPSL-CM6A-LR,r21i1p1f1,0.00,AORCM,,,,,,0,,,,,,,,,,,2.00,,,,,,,,,,,,,,,,,,,,,,,,,,,,,,,
IPSL-CM6A-LR,r22i1p1f1,0.00,AORCM,,,AORCM,,,1,,,,0.00,,,,,,,2.00,,,,,,,,,,,,,,,,,,,,,,,,5.00,5.00,,,,,,
IPSL-CM6A-LR,r23i1p1f1,0.00,AORCM,,,,,,0,,,,,,,,,,,2.00,,,,,,,,,,,,,,,,,,,,,,,,,,,,,,,
IPSL-CM6A-LR,r24i1p1f1,0.00,AORCM,,,,,,0,,,,,,,,,,,2.00,,,,,,,,,,,,,,,,,,,,,,,,,,,,,,,
IPSL-CM6A-LR,r25i1p1f1,0.00,AORCM,,,AORCM,,,1,,,,0.00,,,,,,,2.00,,,,,,,,,,,,,,,,,,,,,,,,5.00,5.00,,,,,,
IPSL-CM6A-LR,r26i1p1f1,0.00,AORCM,,,,,,0,,,,,,,,,,,2.00,,,,,,,,,,,,,,,,,,,,,,,,,,,,,,,
IPSL-CM6A-LR,r27i1p1f1,0.00,AORCM,,,,,,0,,,,,,,,,,,2.00,,,,,,,,,,,,,,,,,,,,,,,,,,,,,,,
IPSL-CM6A-LR,r28i1p1f1,0.00,AORCM,,,,,,0,,,,,,,,,,,2.00,,,,,,,,,,,,,,,,,,,,,,,,,,,,,,,
IPSL-CM6A-LR,r29i1p1f1,0.00,AORCM,,,,,,0,,,,,,,,,,,2.00,,,,,,,,,,,,,,,,,,,,,,,,,,,,,,,
IPSL-CM6A-LR,r30i1p1f1,0.00,AORCM,,,,,,0,,,,,,,,,,,2.00,,,,,,,,,,,,,,,,,,,,,,,,,,,,,,,
IPSL-CM6A-LR,r31i1p1f1,0.00,AORCM,,,,,,0,,,,,,,,,,,2.00,,,,,,,,,,,,,,,,,,,,,,,,,,,,,,,
IPSL-CM6A-LR,r32i1p1f1,0.00,AORCM,,,,,,0,,,,,,,,,,,2.00,,,,,,,,,,,,,,,,,,,,,,,,,,,,,,,
IPSL-CM6A-LR,r33i1p1f1,0.00,AORCM,,,,,AORCM,1,,,,,,,,,,,2.00,1.00,2.00,1.00,3.00,2.00,2.00,,,1.00,2.00,1.00,1.00,,,,1.81,,,,,,,,,,,,,,,
IPSL-CM6A-LR-INCA,r1i1p1f1,0.00,AORCM,,,,,,0,,,,,,,,0.09,-0.06,,,,,,,,,,0.76,,,,,,,,,,,,,,,,,,,,,,,
KACE-1-0-G,r1i1p1f1,0.00,ESD,,ESD,ESD,ESD,ESD,1,1.41,0.05,,0.00,,0.00,1.00,0.19,-0.17,,1.00,1.00,1.00,2.00,1.00,1.00,,1.00,0.85,1.00,1.00,2.00,1.00,,,1.41,1.63,,-0.03,,,,,,5.00,5.00,3.90,HadGEM,,,360_day,250.00
KACE-1-0-G,r2i1p1f1,0.00,ESD,,ESD,ESD,ESD,ESD,1,,,,0.00,,,,,,,1.00,1.00,1.00,2.00,1.00,1.00,,,,1.00,1.00,2.00,1.00,,,,1.67,4.48,,,2.92,4.82,-9.24,-38.34,5.00,5.00,,,,,,
KACE-1-0-G,r3i1p1f1,0.00,ESD,,ESD,ESD,ESD,ESD,1,,,,0.00,,,,,,,1.00,1.00,1.00,2.00,1.00,1.00,,,,1.00,1.00,2.00,1.00,,,,1.67,,,,,,,,5.00,5.00,,,,,,
KIOST-ESM,r1i1p1f1,0.00,Basic,,Basic,Basic,,Basic,1,,,,1.00,0.88,,,,,,,,,,,,,3.00,,,,,,,,,,,,,,,,,4.00,4.00,2.60,,,2222221120.00,365_day,250.00
MCM-UA-1-0,r1i1p1f1,0.00,-,,,,,,0,1.94,,,1.00,,,,,,-0.39,,,,,,,,,,,,,,,,1.94,1.54,3.65,,0.69,,,,,,,3.00,,,,365_day,250.00
MCM-UA-1-0,r1i1p1f2,0.00,-,,-,-,-,-,0,,0.02,,,,,,,,,,,,,,,,,,,,,,,,,,,,,,,,,2.00,3.00,,,,,,
MIROC6,r1i1p1f1,1.00,AORCM,ESD,AORCM,AORCM,AORCM,AORCM,2,1.55,0.02,0.80,1.00,0.83,2.00,0.00,0.08,-0.10,-3.31,2.00,1.00,2.00,1.00,2.00,1.00,1.00,2.00,0.81,2.00,3.00,1.00,1.00,1.20,1.80,1.55,1.59,2.61,-0.00,-0.24,2.89,4.57,-10.85,-21.08,2.00,3.00,3.30,,bc dust oa so4 ss,,gregorian,250.00
MIROC6,r2i1p1f1,0.00,ESD,ESD,ESD,ESD,ESD,ESD,1,,0.02,,1.00,,,,,,,2.00,1.00,2.00,1.00,2.00,1.00,1.00,,,2.00,3.00,1.00,1.00,,,,1.66,,,,,,,,2.00,3.00,,,bc dust oa so4 ss,,,
MIROC6,r3i1p1f1,0.00,ESD,ESD,ESD,ESD,ESD,ESD,1,,0.02,,1.00,0.89,,,,,,2.00,1.00,2.00,1.00,2.00,1.00,1.00,,,2.00,3.00,1.00,1.00,,,,1.58,,,,,,,,2.00,3.00,,,bc dust oa so4 ss,2222102000.00,,
MIROC6,r4i1p1f1,0.00,ESD,ESD,Basic,Basic,Basic,Basic,1,,,,,,,,,,,2.00,1.00,2.00,1.00,2.00,1.00,1.00,,,2.00,3.00,1.00,1.00,,,,1.57,,,,,,,,,,,,,,,
MIROC6,r5i1p1f1,0.00,ESD,ESD,Basic,Basic,Basic,Basic,1,,,,,,,,,,,2.00,1.00,2.00,1.00,2.00,1.00,1.00,,,2.00,3.00,1.00,1.00,,,,1.59,,,,,,,,,,,,,,,
MIROC6,r6i1p1f1,0.00,ESD,ESD,Basic,Basic,Basic,Basic,1,,,,,,,,,,,2.00,1.00,2.00,1.00,2.00,1.00,1.00,,,2.00,3.00,1.00,1.00,,,,1.61,,,,,,,,,,,,,,,
MIROC6,r7i1p1f1,0.00,ESD,ESD,Basic,Basic,Basic,Basic,1,,,,,,,,,,,2.00,1.00,2.00,1.00,2.00,1.00,1.00,,,2.00,3.00,1.00,1.00,,,,1.63,,,,,,,,,,,,,,,
MIROC6,r8i1p1f1,0.00,ESD,ESD,Basic,Basic,Basic,Basic,1,,,,,,,,,,,2.00,1.00,2.00,1.00,2.00,1.00,1.00,,,2.00,3.00,1.00,1.00,,,,1.59,,,,,,,,,,,,,,,
MIROC6,r9i1p1f1,0.00,ESD,ESD,Basic,Basic,Basic,Basic,1,,,,,,,,,,,2.00,1.00,2.00,1.00,2.00,1.00,1.00,,,2.00,3.00,1.00,1.00,,,,,,,,,,,,,,,,,,,
MIROC6,r10i1p1f1,0.00,ESD,ESD,Basic,Basic,Basic,Basic,1,,,,,,,,,,,2.00,1.00,2.00,1.00,2.00,1.00,1.00,,,2.00,3.00,1.00,1.00,,,,1.60,,,,,,,,,,,,,,,
MIROC6,r11i1p1f1,0.00,Basic,ESD,Basic,Basic,Basic,Basic,1,,,,,,,,,,,2.00,1.00,2.00,1.00,2.00,1.00,1.00,,,2.00,3.00,1.00,1.00,,,,1.63,,,,,,,,,,,,,,,
MIROC6,r12i1p1f1,0.00,Basic,ESD,Basic,Basic,Basic,Basic,1,,,,,,,,,,,2.00,1.00,2.00,1.00,2.00,1.00,1.00,,,2.00,3.00,1.00,1.00,,,,1.63,,,,,,,,,,,,,,,
MIROC6,r13i1p1f1,0.00,Basic,ESD,Basic,Basic,Basic,Basic,1,,,,,,,,,,,2.00,1.00,2.00,1.00,2.00,1.00,1.00,,,2.00,3.00,1.00,1.00,,,,1.57,,,,,,,,,,,,,,,
MIROC6,r14i1p1f1,0.00,Basic,ESD,Basic,Basic,Basic,Basic,1,,,,,,,,,,,2.00,1.00,2.00,1.00,2.00,1.00,1.00,,,2.00,3.00,1.00,1.00,,,,1.58,,,,,,,,,,,,,,,
MIROC6,r15i1p1f1,0.00,Basic,ESD,Basic,Basic,Basic,Basic,1,,,,,,,,,,,2.00,1.00,2.00,1.00,2.00,1.00,1.00,,,2.00,3.00,1.00,1.00,,,,1.56,,,,,,,,,,,,,,,
MIROC6,r16i1p1f1,0.00,Basic,ESD,Basic,Basic,Basic,Basic,1,,,,,,,,,,,2.00,1.00,2.00,1.00,2.00,1.00,1.00,,,2.00,3.00,1.00,1.00,,,,1.60,,,,,,,,,,,,,,,
MIROC6,r17i1p1f1,0.00,Basic,ESD,Basic,Basic,Basic,Basic,1,,,,,,,,,,,2.00,1.00,2.00,1.00,2.00,1.00,1.00,,,2.00,3.00,1.00,1.00,,,,1.62,,,,,,,,,,,,,,,
MIROC6,r18i1p1f1,0.00,Basic,ESD,Basic,Basic,Basic,Basic,1,,,,,,,,,,,2.00,1.00,2.00,1.00,2.00,1.00,1.00,,,2.00,3.00,1.00,1.00,,,,1.59,,,,,,,,,,,,,,,
MIROC6,r19i1p1f1,0.00,Basic,ESD,Basic,Basic,Basic,Basic,1,,,,,,,,,,,2.00,1.00,2.00,1.00,2.00,1.00,1.00,,,2.00,3.00,1.00,1.00,,,,1.60,,,,,,,,,,,,,,,
MIROC6,r20i1p1f1,0.00,Basic,ESD,Basic,Basic,Basic,Basic,1,,,,,,,,,,,2.00,1.00,2.00,1.00,2.00,1.00,1.00,,,2.00,3.00,1.00,1.00,,,,1.59,,,,,,,,,,,,,,,
MIROC6,r21i1p1f1,0.00,Basic,ESD,Basic,Basic,Basic,Basic,1,,,,,,,,,,,2.00,1.00,2.00,1.00,2.00,1.00,1.00,,,2.00,3.00,1.00,1.00,,,,1.59,,,,,,,,,,,,,,,
MIROC6,r22i1p1f1,0.00,Basic,ESD,Basic,Basic,Basic,Basic,1,,,,,,,,,,,2.00,1.00,2.00,1.00,2.00,1.00,1.00,,,2.00,3.00,1.00,1.00,,,,1.59,,,,,,,,,,,,,,,
MIROC6,r23i1p1f1,0.00,Basic,ESD,Basic,Basic,Basic,Basic,1,,,,,,,,,,,2.00,1.00,2.00,1.00,2.00,1.00,1.00,,,2.00,3.00,1.00,1.00,,,,1.59,,,,,,,,,,,,,,,
MIROC6,r24i1p1f1,0.00,Basic,ESD,Basic,Basic,Basic,Basic,1,,,,,,,,,,,2.00,1.00,2.00,1.00,2.00,1.00,1.00,,,2.00,3.00,1.00,1.00,,,,1.59,,,,,,,,,,,,,,,
MIROC6,r25i1p1f1,0.00,Basic,ESD,Basic,Basic,Basic,Basic,1,,,,,,,,,,,2.00,1.00,2.00,1.00,2.00,1.00,1.00,,,2.00,3.00,1.00,1.00,,,,1.56,,,,,,,,,,,,,,,
MIROC6,r26i1p1f1,0.00,Basic,ESD,Basic,Basic,Basic,Basic,1,,,,,,,,,,,2.00,1.00,2.00,1.00,2.00,1.00,1.00,,,2.00,3.00,1.00,1.00,,,,1.62,,,,,,,,,,,,,,,
MIROC6,r27i1p1f1,0.00,Basic,ESD,Basic,Basic,Basic,Basic,1,,,,,,,,,,,2.00,1.00,2.00,1.00,2.00,1.00,1.00,,,2.00,3.00,1.00,1.00,,,,1.60,,,,,,,,,,,,,,,
MIROC6,r28i1p1f1,0.00,Basic,ESD,Basic,Basic,Basic,Basic,1,,,,,,,,,,,2.00,1.00,2.00,1.00,2.00,1.00,1.00,,,2.00,3.00,1.00,1.00,,,,1.64,,,,,,,,,,,,,,,
MIROC6,r29i1p1f1,0.00,Basic,ESD,Basic,Basic,Basic,Basic,1,,,,,,,,,,,2.00,1.00,2.00,1.00,2.00,1.00,1.00,,,2.00,3.00,1.00,1.00,,,,1.55,,,,,,,,,,,,,,,
MIROC6,r30i1p1f1,0.00,Basic,ESD,Basic,Basic,Basic,Basic,1,,,,,,,,,,,2.00,1.00,2.00,1.00,2.00,1.00,1.00,,,2.00,3.00,1.00,1.00,,,,1.62,,,,,,,,,,,,,,,
MIROC6,r31i1p1f1,0.00,Basic,ESD,Basic,Basic,Basic,Basic,1,,,,,,,,,,,2.00,1.00,2.00,1.00,2.00,1.00,1.00,,,2.00,3.00,1.00,1.00,,,,1.58,,,,,,,,,,,,,,,
MIROC6,r32i1p1f1,0.00,Basic,ESD,Basic,Basic,Basic,Basic,1,,,,,,,,,,,2.00,1.00,2.00,1.00,2.00,1.00,1.00,,,2.00,3.00,1.00,1.00,,,,1.66,,,,,,,,,,,,,,,
MIROC6,r33i1p1f1,0.00,Basic,ESD,Basic,Basic,Basic,Basic,1,,,,,,,,,,,2.00,1.00,2.00,1.00,2.00,1.00,1.00,,,2.00,3.00,1.00,1.00,,,,1.60,,,,,,,,,,,,,,,
MIROC6,r34i1p1f1,0.00,Basic,ESD,Basic,Basic,Basic,Basic,1,,,,,,,,,,,2.00,1.00,2.00,1.00,2.00,1.00,1.00,,,2.00,3.00,1.00,1.00,,,,1.58,,,,,,,,,,,,,,,
MIROC6,r35i1p1f1,0.00,Basic,ESD,Basic,Basic,Basic,Basic,1,,,,,,,,,,,2.00,1.00,2.00,1.00,2.00,1.00,1.00,,,2.00,3.00,1.00,1.00,,,,1.61,,,,,,,,,,,,,,,
MIROC6,r36i1p1f1,0.00,Basic,ESD,Basic,Basic,Basic,Basic,1,,,,,,,,,,,2.00,1.00,2.00,1.00,2.00,1.00,1.00,,,2.00,3.00,1.00,1.00,,,,1.58,,,,,,,,,,,,,,,
MIROC6,r37i1p1f1,0.00,Basic,ESD,Basic,Basic,Basic,Basic,1,,,,,,,,,,,2.00,1.00,2.00,1.00,2.00,1.00,1.00,,,2.00,3.00,1.00,1.00,,,,1.65,,,,,,,,,,,,,,,
MIROC6,r38i1p1f1,0.00,Basic,ESD,Basic,Basic,Basic,Basic,1,,,,,,,,,,,2.00,1.00,2.00,1.00,2.00,1.00,1.00,,,2.00,3.00,1.00,1.00,,,,1.60,,,,,,,,,,,,,,,
MIROC6,r39i1p1f1,0.00,Basic,ESD,Basic,Basic,Basic,Basic,1,,,,,,,,,,,2.00,1.00,2.00,1.00,2.00,1.00,1.00,,,2.00,3.00,1.00,1.00,,,,1.56,,,,,,,,,,,,,,,
MIROC6,r40i1p1f1,0.00,Basic,ESD,Basic,Basic,Basic,Basic,1,,,,,,,,,,,2.00,1.00,2.00,1.00,2.00,1.00,1.00,,,2.00,3.00,1.00,1.00,,,,1.60,,,,,,,,,,,,,,,
MIROC6,r41i1p1f1,0.00,Basic,ESD,Basic,Basic,Basic,Basic,1,,,,,,,,,,,2.00,1.00,2.00,1.00,2.00,1.00,1.00,,,2.00,3.00,1.00,1.00,,,,1.60,,,,,,,,,,,,,,,
MIROC6,r42i1p1f1,0.00,Basic,ESD,Basic,Basic,Basic,Basic,1,,,,,,,,,,,2.00,1.00,2.00,1.00,2.00,1.00,1.00,,,2.00,3.00,1.00,1.00,,,,1.59,,,,,,,,,,,,,,,
MIROC6,r43i1p1f1,0.00,Basic,ESD,Basic,Basic,Basic,Basic,1,,,,,,,,,,,2.00,1.00,2.00,1.00,2.00,1.00,1.00,,,2.00,3.00,1.00,1.00,,,,1.59,,,,,,,,,,,,,,,
MIROC6,r44i1p1f1,0.00,Basic,ESD,Basic,Basic,Basic,Basic,1,,,,,,,,,,,2.00,1.00,2.00,1.00,2.00,1.00,1.00,,,2.00,3.00,1.00,1.00,,,,,,,,,,,,,,,,,,,
MIROC6,r45i1p1f1,0.00,Basic,ESD,Basic,Basic,Basic,Basic,1,,,,,,,,,,,2.00,1.00,2.00,1.00,2.00,1.00,1.00,,,2.00,3.00,1.00,1.00,,,,1.56,,,,,,,,,,,,,,,
MIROC6,r46i1p1f1,0.00,Basic,ESD,Basic,Basic,Basic,Basic,1,,,,,,,,,,,2.00,1.00,2.00,1.00,2.00,1.00,1.00,,,2.00,3.00,1.00,1.00,,,,1.63,,,,,,,,,,,,,,,
MIROC6,r47i1p1f1,0.00,Basic,ESD,Basic,Basic,Basic,Basic,1,,,,,,,,,,,2.00,1.00,2.00,1.00,2.00,1.00,1.00,,,2.00,3.00,1.00,1.00,,,,1.55,,,,,,,,,,,,,,,
MIROC6,r48i1p1f1,0.00,Basic,ESD,Basic,Basic,Basic,Basic,1,,,,,,,,,,,2.00,1.00,2.00,1.00,2.00,1.00,1.00,,,2.00,3.00,1.00,1.00,,,,1.58,,,,,,,,,,,,,,,
MIROC6,r49i1p1f1,0.00,Basic,ESD,Basic,Basic,Basic,Basic,1,,,,,,,,,,,2.00,1.00,2.00,1.00,2.00,1.00,1.00,,,2.00,3.00,1.00,1.00,,,,1.61,,,,,,,,,,,,,,,
MIROC6,r50i1p1f1,0.00,Basic,ESD,Basic,Basic,Basic,Basic,1,,,,,,,,,,,2.00,1.00,2.00,1.00,2.00,1.00,1.00,,,2.00,3.00,1.00,1.00,,,,1.59,,,,,,,,,,,,,,,
MIROC6-ES2L,r1i1p1f2,,,,,,,,,,,,,,,,,,,,,,,,,,,,,,,,,,,,,,,,,,,2.00,3.00,,,,,,
MIROC6-ES2L,r2i1p1f2,,,,,,,,,,,,,,,,,,,,,,,,,,,,,,,,,,,,,,,,,,,2.00,3.00,,,,,,
MIROC6-ES2L,r3i1p1f2,,,,,,,,,,,,,,,,,,,,,,,,,,,,,,,,,,,,,,,,,,,2.00,3.00,,,,,,
MIROC6-ES2L,r4i1p1f2,,,,,,,,,,,,,,,,,,,,,,,,,,,,,,,,,,,,,,,,,,,2.00,3.00,,,,,,
MIROC6-ES2L,r5i1p1f2,,,,,,,,,,,,,,,,,,,,,,,,,,,,,,,,,,,,,,,,,,,2.00,3.00,,,,,,
MIROC6-ES2L,r6i1p1f2,,,,,,,,,,,,,,,,,,,,,,,,,,,,,,,,,,,,,,,,,,,2.00,3.00,,,,,,
MIROC6-ES2L,r7i1p1f2,,,,,,,,,,,,,,,,,,,,,,,,,,,,,,,,,,,,,,,,,,,2.00,3.00,,,,,,
MIROC6-ES2L,r8i1p1f2,,,,,,,,,,,,,,,,,,,,,,,,,,,,,,,,,,,,,,,,,,,2.00,3.00,,,,,,
MIROC6-ES2L,r9i1p1f2,,,,,,,,,,,,,,,,,,,,,,,,,,,,,,,,,,,,,,,,,,,2.00,3.00,,,,,,
MIROC6-ES2L,r10i1p1f2,,,,,,,,,,,,,,,,,,,,,,,,,,,,,,,,,,,,,,,,,,,2.00,3.00,,,,,,
MIROC-ES2L,r1i1p1f2,1.00,AORCM,AORCM,AORCM,AORCM,AORCM,AORCM,8,1.55,0.00,0.77,1.00,1.20,,,0.08,-0.10,-6.97,3.00,2.00,,,3.00,3.00,,3.00,,2.00,3.00,2.00,1.00,1.40,1.30,1.55,1.75,2.68,-0.01,0.34,2.74,4.15,-4.86,-6.58,,,3.50,,dust oa so4,,gregorian,500.00
MIROC-ES2L,r2i1p1f2,1.00,AORCM,AORCM,AORCM,AORCM,AORCM,AORCM,4,,,,1.00,,,,,,,3.00,2.00,,,3.00,3.00,,,,2.00,3.00,2.00,1.00,,,,1.81,,,,,,,,,,,,dust oa so4,,,
MIROC-ES2L,r3i1p1f2,1.00,AORCM,AORCM,AORCM,AORCM,AORCM,AORCM,4,,,,1.00,,,,,,,3.00,2.00,,,3.00,3.00,,,,2.00,3.00,2.00,1.00,,,,1.75,,,,,,,,,,,,dust oa so4,,,
MIROC-ES2L,r4i1p1f2,1.00,AORCM,AORCM,AORCM,AORCM,AORCM,AORCM,4,,,,1.00,,,,,,,3.00,2.00,,,3.00,3.00,,,,2.00,3.00,2.00,1.00,,,,1.76,,,,,,,,,,,,dust oa so4,,,
MIROC-ES2L,r5i1p1f2,1.00,AORCM,AORCM,AORCM,AORCM,AORCM,AORCM,5,,,,1.00,1.15,,,,,,3.00,2.00,,,3.00,3.00,,,,2.00,3.00,2.00,1.00,,,,1.75,,,,,,,,,,,,dust oa so4,2222022020.00,,
MIROC-ES2L,r6i1p1f2,1.00,AORCM,AORCM,AORCM,AORCM,AORCM,AORCM,4,,,,1.00,,,,,,,3.00,2.00,,,3.00,3.00,,,,2.00,3.00,2.00,1.00,,,,1.77,,,,,,,,,,,,dust oa so4,,,
MIROC-ES2L,r7i1p1f2,1.00,AORCM,AORCM,AORCM,AORCM,AORCM,AORCM,4,,,,1.00,,,,,,,3.00,2.00,,,3.00,3.00,,,,2.00,3.00,2.00,1.00,,,,1.74,,,,,,,,,,,,dust oa so4,,,
MIROC-ES2L,r8i1p1f2,1.00,AORCM,AORCM,AORCM,AORCM,AORCM,AORCM,4,,,,1.00,,,,,,,3.00,2.00,,,3.00,3.00,,,,2.00,3.00,2.00,1.00,,,,1.77,,,,,,,,,,,,dust oa so4,,,
MIROC-ES2L,r9i1p1f2,1.00,AORCM,AORCM,AORCM,AORCM,AORCM,AORCM,4,,,,1.00,,,,,,,3.00,2.00,,,3.00,3.00,,,,2.00,3.00,2.00,1.00,,,,1.74,,,,,,,,,,,,dust oa so4,,,
MIROC-ES2L,r10i1p1f2,1.00,AORCM,AORCM,AORCM,AORCM,AORCM,AORCM,4,,,,1.00,,,,,,,3.00,2.00,,,3.00,3.00,,,,2.00,3.00,2.00,1.00,,,,1.77,,,,,,,,,,,,dust oa so4,,,
MPI-ESM1-2-HR,r1i1p1f1,1.00,AORCM,,AORCM,AORCM,AORCM,AORCM,1,1.66,0.08,0.84,1.00,0.59,1.00,0.00,0.06,-0.11,-3.10,1.00,1.00,1.00,1.00,1.00,1.00,,1.00,0.87,1.00,1.00,1.00,1.00,1.50,1.40,1.66,1.78,2.98,-0.02,0.92,2.48,3.57,-12.05,-30.16,3.00,3.00,2.80,MPI,,2222221020.00,gregorian,100.00
MPI-ESM1-2-HR,r2i1p1f1,1.00,AORCM,,AORCM,AORCM,AORCM,AORCM,1,1.66,0.08,,1.00,0.52,,,,,-3.10,1.00,1.00,1.00,1.00,1.00,1.00,,,,1.00,1.00,1.00,1.00,,,1.66,,,,0.92,,,,,3.00,3.00,,MPI,,,gregorian,100.00
MPI-ESM1-2-LR,r1i1p1f1,1.00,AORCM,AORCM,AORCM,AORCM,AORCM,AORCM,0,1.84,0.06,0.82,1.00,0.65,2.00,2.00,0.06,-0.11,,,,,,,,,1.00,0.82,,,,,1.50,1.50,1.84,1.78,3.00,-0.03,,2.84,3.90,-13.32,-52.27,3.00,3.00,2.70,MPI,,2222221020.00,gregorian,250.00
MPI-ESM1-2-LR,r2i1p1f1,1.00,AORCM,AORCM,AORCM,AORCM,AORCM,AORCM,0,1.84,0.06,,1.00,0.73,,,,,,,,,,,,,,,,,,,,,1.84,1.76,,,,,,,,3.00,3.00,,MPI,,,,250.00
MPI-ESM1-2-LR,r3i1p1f1,1.00,AORCM,AORCM,AORCM,AORCM,AORCM,AORCM,0,1.84,0.06,,1.00,0.69,,,,,,,,,,,,,,,,,,,,,1.84,1.74,,,,,,,,3.00,3.00,,MPI,,,,250.00
MPI-ESM1-2-LR,r4i1p1f1,1.00,AORCM,AORCM,AORCM,AORCM,AORCM,AORCM,0,1.84,0.06,,1.00,0.71,,,,,,,,,,,,,,,,,,,,,1.84,1.77,,,,,,,,3.00,3.00,,MPI,,,,250.00
MPI-ESM1-2-LR,r5i1p1f1,1.00,AORCM,AORCM,AORCM,AORCM,AORCM,AORCM,0,1.84,0.06,,1.00,0.74,,,,,,,,,,,,,,,,,,,,,1.84,1.75,,,,,,,,3.00,3.00,,MPI,,,,250.00
MPI-ESM1-2-LR,r6i1p1f1,1.00,AORCM,AORCM,AORCM,AORCM,AORCM,AORCM,0,1.84,0.06,,1.00,0.74,,,,,,,,,,,,,,,,,,,,,1.84,1.77,,,,,,,,3.00,3.00,,MPI,,,,250.00
MPI-ESM1-2-LR,r7i1p1f1,1.00,AORCM,AORCM,AORCM,AORCM,AORCM,AORCM,0,1.84,0.06,,1.00,0.61,,,,,,,,,,,,,,,,,,,,,1.84,1.73,,,,,,,,3.00,3.00,,MPI,,,,250.00
MPI-ESM1-2-LR,r8i1p1f1,1.00,AORCM,AORCM,AORCM,AORCM,AORCM,AORCM,0,1.84,0.06,,1.00,0.63,,,,,,,,,,,,,,,,,,,,,1.84,1.79,,,,,,,,3.00,3.00,,MPI,,,,250.00
MPI-ESM1-2-LR,r9i1p1f1,1.00,AORCM,AORCM,AORCM,AORCM,AORCM,AORCM,0,1.84,0.06,,1.00,0.76,,,,,,,,,,,,,,,,,,,,,1.84,1.76,,,,,,,,3.00,3.00,,MPI,,,,250.00
MPI-ESM1-2-LR,r10i1p1f1,1.00,AORCM,AORCM,AORCM,AORCM,AORCM,AORCM,0,1.84,0.06,,1.00,0.66,,,,,,,,,,,,,,,,,,,,,1.84,1.80,,,,,,,,3.00,3.00,,MPI,,,,250.00
MPI-ESM1-2-LR,r11i1p1f1,1.00,AORCM,AORCM,AORCM,AORCM,AORCM,AORCM,,,,,,,,,,,,,,,,,,,,,,,,,,,,,,,,,,,,,,,,,,,
MPI-ESM1-2-LR,r12i1p1f1,1.00,AORCM,AORCM,AORCM,AORCM,AORCM,AORCM,,,,,,,,,,,,,,,,,,,,,,,,,,,,,,,,,,,,,,,,,,,
MPI-ESM1-2-LR,r13i1p1f1,1.00,AORCM,AORCM,AORCM,AORCM,AORCM,AORCM,,,,,,,,,,,,,,,,,,,,,,,,,,,,,,,,,,,,,,,,,,,
MPI-ESM1-2-LR,r14i1p1f1,1.00,AORCM,AORCM,AORCM,AORCM,AORCM,AORCM,,,,,,,,,,,,,,,,,,,,,,,,,,,,,,,,,,,,,,,,,,,
MPI-ESM1-2-LR,r15i1p1f1,1.00,AORCM,AORCM,AORCM,AORCM,AORCM,AORCM,,,,,,,,,,,,,,,,,,,,,,,,,,,,,,,,,,,,,,,,,,,
MPI-ESM1-2-LR,r16i1p1f1,1.00,AORCM,AORCM,AORCM,AORCM,AORCM,AORCM,,,,,,,,,,,,,,,,,,,,,,,,,,,,,,,,,,,,,,,,,,,
MPI-ESM1-2-LR,r17i1p1f1,1.00,AORCM,AORCM,AORCM,AORCM,AORCM,AORCM,,,,,,,,,,,,,,,,,,,,,,,,,,,,,,,,,,,,,,,,,,,
MPI-ESM1-2-LR,r18i1p1f1,1.00,AORCM,AORCM,AORCM,AORCM,AORCM,AORCM,,,,,,,,,,,,,,,,,,,,,,,,,,,,,,,,,,,,,,,,,,,
MPI-ESM1-2-LR,r19i1p1f1,1.00,AORCM,AORCM,AORCM,AORCM,AORCM,AORCM,,,,,,,,,,,,,,,,,,,,,,,,,,,,,,,,,,,,,,,,,,,
MPI-ESM1-2-LR,r20i1p1f1,1.00,AORCM,AORCM,AORCM,AORCM,AORCM,AORCM,,,,,,,,,,,,,,,,,,,,,,,,,,,,,,,,,,,,,,,,,,,
MPI-ESM1-2-LR,r21i1p1f1,1.00,AORCM,AORCM,AORCM,AORCM,AORCM,AORCM,,,,,,,,,,,,,,,,,,,,,,,,,,,,,,,,,,,,,,,,,,,
MPI-ESM1-2-LR,r22i1p1f1,1.00,AORCM,AORCM,AORCM,AORCM,AORCM,AORCM,,,,,,,,,,,,,,,,,,,,,,,,,,,,,,,,,,,,,,,,,,,
MPI-ESM1-2-LR,r23i1p1f1,1.00,AORCM,AORCM,AORCM,AORCM,AORCM,AORCM,,,,,,,,,,,,,,,,,,,,,,,,,,,,,,,,,,,,,,,,,,,
MPI-ESM1-2-LR,r24i1p1f1,1.00,AORCM,AORCM,AORCM,AORCM,AORCM,AORCM,,,,,,,,,,,,,,,,,,,,,,,,,,,,,,,,,,,,,,,,,,,
MPI-ESM1-2-LR,r25i1p1f1,1.00,AORCM,AORCM,AORCM,AORCM,AORCM,AORCM,,,,,,,,,,,,,,,,,,,,,,,,,,,,,,,,,,,,,,,,,,,
MPI-ESM1-2-LR,r26i1p1f1,1.00,AORCM,AORCM,AORCM,AORCM,AORCM,AORCM,,,,,,,,,,,,,,,,,,,,,,,,,,,,,,,,,,,,,,,,,,,
MPI-ESM1-2-LR,r27i1p1f1,1.00,AORCM,AORCM,AORCM,AORCM,AORCM,AORCM,,,,,,,,,,,,,,,,,,,,,,,,,,,,,,,,,,,,,,,,,,,
MPI-ESM1-2-LR,r28i1p1f1,1.00,AORCM,AORCM,AORCM,AORCM,AORCM,AORCM,,,,,,,,,,,,,,,,,,,,,,,,,,,,,,,,,,,,,,,,,,,
MPI-ESM1-2-LR,r29i1p1f1,1.00,AORCM,AORCM,AORCM,AORCM,AORCM,AORCM,,,,,,,,,,,,,,,,,,,,,,,,,,,,,,,,,,,,,,,,,,,
MPI-ESM1-2-LR,r30i1p1f1,1.00,AORCM,AORCM,AORCM,AORCM,AORCM,AORCM,,,,,,,,,,,,,,,,,,,,,,,,,,,,,,,,,,,,,,,,,,,
MPI-ESM1-2-LR,r31i1p1f1,1.00,AORCM,AORCM,AORCM,AORCM,AORCM,AORCM,,,,,,,,,,,,,,,,,,,,,,,,,,,,,,,,,,,,,,,,,,,
MPI-ESM1-2-LR,r32i1p1f1,1.00,AORCM,AORCM,AORCM,AORCM,AORCM,AORCM,,,,,,,,,,,,,,,,,,,,,,,,,,,,,,,,,,,,,,,,,,,
MPI-ESM1-2-LR,r33i1p1f1,1.00,AORCM,AORCM,AORCM,AORCM,AORCM,AORCM,,,,,,,,,,,,,,,,,,,,,,,,,,,,,,,,,,,,,,,,,,,
MPI-ESM1-2-LR,r34i1p1f1,1.00,AORCM,AORCM,AORCM,AORCM,AORCM,AORCM,,,,,,,,,,,,,,,,,,,,,,,,,,,,,,,,,,,,,,,,,,,
MPI-ESM1-2-LR,r35i1p1f1,1.00,AORCM,AORCM,AORCM,AORCM,AORCM,AORCM,,,,,,,,,,,,,,,,,,,,,,,,,,,,,,,,,,,,,,,,,,,
MPI-ESM1-2-LR,r36i1p1f1,1.00,AORCM,AORCM,AORCM,AORCM,AORCM,AORCM,,,,,,,,,,,,,,,,,,,,,,,,,,,,,,,,,,,,,,,,,,,
MPI-ESM1-2-LR,r37i1p1f1,1.00,AORCM,AORCM,AORCM,AORCM,AORCM,AORCM,,,,,,,,,,,,,,,,,,,,,,,,,,,,,,,,,,,,,,,,,,,
MPI-ESM1-2-LR,r38i1p1f1,1.00,AORCM,AORCM,AORCM,AORCM,AORCM,AORCM,,,,,,,,,,,,,,,,,,,,,,,,,,,,,,,,,,,,,,,,,,,
MPI-ESM1-2-LR,r39i1p1f1,1.00,AORCM,AORCM,AORCM,AORCM,AORCM,AORCM,,,,,,,,,,,,,,,,,,,,,,,,,,,,,,,,,,,,,,,,,,,
MPI-ESM1-2-LR,r40i1p1f1,1.00,AORCM,AORCM,AORCM,AORCM,AORCM,AORCM,,,,,,,,,,,,,,,,,,,,,,,,,,,,,,,,,,,,,,,,,,,
MPI-ESM1-2-LR,r41i1p1f1,1.00,AORCM,AORCM,AORCM,AORCM,AORCM,AORCM,,,,,,,,,,,,,,,,,,,,,,,,,,,,,,,,,,,,,,,,,,,
MPI-ESM1-2-LR,r42i1p1f1,1.00,AORCM,AORCM,AORCM,AORCM,AORCM,AORCM,,,,,,,,,,,,,,,,,,,,,,,,,,,,,,,,,,,,,,,,,,,
MPI-ESM1-2-LR,r43i1p1f1,1.00,AORCM,AORCM,AORCM,AORCM,AORCM,AORCM,,,,,,,,,,,,,,,,,,,,,,,,,,,,,,,,,,,,,,,,,,,
MPI-ESM1-2-LR,r44i1p1f1,1.00,AORCM,AORCM,AORCM,AORCM,AORCM,AORCM,,,,,,,,,,,,,,,,,,,,,,,,,,,,,,,,,,,,,,,,,,,
MPI-ESM1-2-LR,r45i1p1f1,1.00,AORCM,AORCM,AORCM,AORCM,AORCM,AORCM,,,,,,,,,,,,,,,,,,,,,,,,,,,,,,,,,,,,,,,,,,,
MPI-ESM1-2-LR,r46i1p1f1,1.00,AORCM,AORCM,AORCM,AORCM,AORCM,AORCM,,,,,,,,,,,,,,,,,,,,,,,,,,,,,,,,,,,,,,,,,,,
MPI-ESM1-2-LR,r47i1p1f1,1.00,AORCM,AORCM,AORCM,AORCM,AORCM,AORCM,,,,,,,,,,,,,,,,,,,,,,,,,,,,,,,,,,,,,,,,,,,
MPI-ESM1-2-LR,r48i1p1f1,1.00,AORCM,AORCM,AORCM,AORCM,AORCM,AORCM,,,,,,,,,,,,,,,,,,,,,,,,,,,,,,,,,,,,,,,,,,,
MPI-ESM1-2-LR,r49i1p1f1,1.00,AORCM,AORCM,AORCM,AORCM,AORCM,AORCM,,,,,,,,,,,,,,,,,,,,,,,,,,,,,,,,,,,,,,,,,,,
MPI-ESM1-2-LR,r50i1p1f1,1.00,AORCM,AORCM,AORCM,AORCM,AORCM,AORCM,,,,,,,,,,,,,,,,,,,,,,,,,,,,,,,,,,,,,,,,,,,
MPI-ESM-1-2-HAM,r1i1p1f1,0.00,AORCM,,,,AORCM,,1,1.80,,,,0.72,1.00,2.00,0.11,-0.16,,,,,,,,,3.00,0.83,,,,,,,1.80,,2.96,,,,,,,,,,,bb,2222222120.00,,250.00
MPI-ESM-1-2-HAM,r2i1p1f1,0.00,AORCM,,,,AORCM,,,,,,,,,,,,,,,,,,,,,,,,,,,,,,,,,,,,,,,,,bb,,,
MPI-ESM-1-2-HAM,r3i1p1f1,0.00,AORCM,,,,AORCM,,,,,,,,,,,,,,,,,,,,,,,,,,,,,,,,,,,,,,,,,bb bc dust oa so4 ss,,,
MRI-ESM2-0,r1i1p1f1,0.00,AORCM,ESD,AORCM,ESD,ESD,AORCM,0,1.64,0.02,0.77,1.00,0.61,0.00,0.00,0.07,-0.19,-2.66,1.00,1.00,1.00,1.00,1.00,1.00,,1.00,0.85,1.00,1.00,1.00,2.00,0.80,2.30,1.64,1.86,3.15,-0.02,-0.05,2.76,4.01,-12.45,-14.73,2.00,2.00,2.90,,bc dust oa so4 ss,2222112210.00,gregorian,100.00
MRI-ESM2-0,r1i2p1f1,0.00,Basic,,,,,Basic,,,,,,,,,,,,,,,,,,,,,,,,,,,,1.83,,,,,,,,,,,,,,,
MRI-ESM2-0,r2i1p1f1,0.00,ESD,ESD,ESD,ESD,ESD,ESD,0,,,,,,,,,,,1.00,1.00,1.00,1.00,1.00,1.00,,,,1.00,1.00,1.00,2.00,,,,1.76,,,,,,,,,,,,bc dust oa so4 ss,,,
MRI-ESM2-0,r3i1p1f1,0.00,ESD,ESD,ESD,ESD,ESD,ESD,0,,,,,,,,,,,1.00,1.00,1.00,1.00,1.00,1.00,,,,1.00,1.00,1.00,2.00,,,,1.85,,,,,,,,,,,,bc dust oa so4 ss,,,
MRI-ESM2-0,r4i1p1f1,0.00,ESD,ESD,ESD,ESD,ESD,ESD,0,,,,,,,,,,,1.00,1.00,1.00,1.00,1.00,1.00,,,,1.00,1.00,1.00,2.00,,,,1.86,,,,,,,,,,,,bc dust oa so4 ss,,,
MRI-ESM2-0,r5i1p1f1,0.00,ESD,ESD,ESD,ESD,ESD,ESD,0,,,,,,,,,,,1.00,1.00,1.00,1.00,1.00,1.00,,,,1.00,1.00,1.00,2.00,,,,1.82,,,,,,,,,,,,bc dust oa so4 ss,,,
NESM3,r1i1p1f1,0.00,3Dml,,3Dml,3Dml,,3Dml,3,2.72,0.01,,1.00,0.71,,,,,-2.03,3.00,2.00,,,1.00,1.00,3.00,1.00,,2.00,2.00,1.00,1.00,2.50,1.70,2.72,1.82,4.72,,0.99,,,,,5.00,4.00,4.20,,,2222221000.00,standard,250.00
NESM3,r2i1p1f1,0.00,3Dml,,3Dml,3Dml,,3Dml,2,,0.01,,,,,,,,,3.00,2.00,,,1.00,1.00,3.00,,,2.00,2.00,1.00,1.00,,,,1.75,,,,,,,,,,,,,,,
NorCPM1,r1i1p1f1,0.00,Basic,,,,,,0,1.56,,,,,,,,,,,,,,,,,,,,,,,,,1.56,,3.05,,,,,,,,,,,,,,
NorESM2-LM,r1i1p1f1,1.00,AORCM,,AORCM,AORCM,AORCM,AORCM,6,1.48,,0.79,0.00,1.00,,,0.06,-0.04,,3.00,3.00,,,3.00,3.00,2.00,3.00,0.80,2.00,2.00,2.00,2.00,1.40,1.90,1.48,1.65,2.54,-0.01,,2.29,4.91,-17.51,-30.75,2.00,1.00,3.50,,bc dust oa so4 ss,2222122120.00,365_day,250.00
NorESM2-LM,r2i1p1f1,0.00,ESD,,,AORCM,Basic,,5,,,,0.00,,,,,,,3.00,3.00,,,3.00,3.00,2.00,,,2.00,2.00,2.00,2.00,,,,,,,,,,,,2.00,1.00,,,bc dust oa so4 ss,,,
NorESM2-LM,r3i1p1f1,0.00,ESD,,,AORCM,Basic,,5,,,,0.00,,,,,,,3.00,3.00,,,3.00,3.00,2.00,,,2.00,2.00,2.00,2.00,,,,,,,,,,,,2.00,1.00,,,bc dust oa so4 ss,,,
NorESM2-MM,r1i1p1f1,1.00,AORCM,,AORCM,3Dml,AORCM,AORCM,1,1.33,0.03,0.75,1.00,0.71,2.00,2.00,0.06,-0.03,,,,,,,,,3.00,0.84,,,,,1.20,1.80,1.33,1.70,2.50,-0.01,,2.43,4.20,-10.73,-28.51,2.00,3.00,3.20,CESM,bc dust oa so4 ss,2222122120.00,365_day,100.00
NorESM2-MM,r2i1p1f1,0.00,3Dml,,,3Dml,,,0,,,,1.00,,,,,,,,,,,,,,,,,,,,,,,,,,,,,,,2.00,3.00,,,,,,
SAM0-UNICON,r1i1p1f1,0.00,3Dml,,,,,,0,2.27,,,,0.73,,,,,,,,,,,,,2.00,,,,,,,,2.27,,3.72,,,,,,,,,,,,2222222000.00,,100.00
TaiESM1,r1i1p1f1,1.00,AORCM,,AORCM,AORCM,AORCM,AORCM,1,2.34,,0.75,0.00,0.51,,,0.07,-0.03,,2.00,1.00,,,2.00,1.00,,2.00,0.83,1.00,2.00,1.00,1.00,1.10,1.80,2.34,1.58,4.31,-0.02,,,,,,4.00,4.00,,,dust,2222222000.00,365_day,100.00
UKESM1-0-LL,r1i1p1f2,1.00,AORCM,ESD,AORCM,AORCM,AORCM,AORCM,2,2.79,0.01,0.85,0.00,,0.00,1.00,0.06,-0.09,-0.43,1.00,1.00,1.00,2.00,1.00,2.00,,2.00,0.83,2.00,1.00,,,1.10,1.20,2.79,1.54,5.34,-0.02,1.46,4.88,6.34,-1.67,-51.27,5.00,5.00,5.20,HadGEM,dust,,360_day,250.00
UKESM1-0-LL,r2i1p1f2,1.00,AORCM,ESD,AORCM,AORCM,AORCM,AORCM,2,2.79,0.01,,0.00,,,,,,,1.00,1.00,1.00,2.00,1.00,2.00,,,,2.00,1.00,,,,,2.79,1.54,,,,,,,,5.00,5.00,,HadGEM,dust,,,250.00
UKESM1-0-LL,r3i1p1f2,1.00,AORCM,ESD,AORCM,AORCM,AORCM,AORCM,2,2.79,0.01,,0.00,,,,,,,1.00,1.00,1.00,2.00,1.00,2.00,,,,2.00,1.00,,,,,2.79,1.56,,,,,,,,5.00,5.00,,HadGEM,dust,,,250.00
UKESM1-0-LL,r4i1p1f2,0.00,ESD,ESD,ESD,ESD,ESD,ESD,1,,0.01,,0.00,,,,,,,1.00,1.00,1.00,2.00,1.00,2.00,,,,2.00,1.00,,,,,,1.53,,,,,,,,5.00,5.00,,HadGEM,dust,,,
UKESM1-0-LL,r5i1p1f2,0.00,,,ESD,Basic,ESD,,0,,0.01,,,,,,,,,1.00,1.00,1.00,2.00,1.00,2.00,,,,2.00,1.00,,,,,,,,,,,,,,,,,HadGEM,dust,,,
UKESM1-0-LL,r6i1p1f2,0.00,,,ESD,Basic,ESD,,0,,,,,,,,,,,1.00,1.00,1.00,2.00,1.00,2.00,,,,2.00,1.00,,,,,,,,,,,,,,,,,HadGEM,dust,,,
UKESM1-0-LL,r7i1p1f2,0.00,,,ESD,Basic,ESD,,0,,,,,,,,,,,1.00,1.00,1.00,2.00,1.00,2.00,,,,2.00,1.00,,,,,,,,,,,,,,,,,HadGEM,dust,,,
UKESM1-0-LL,r8i1p1f2,0.00,ESD,ESD,ESD,ESD,ESD,ESD,1,,,,0.00,,,,,,,1.00,1.00,1.00,2.00,1.00,2.00,,,,2.00,1.00,,,,,,1.52,,,,,,,,5.00,5.00,,HadGEM,dust,,,
UKESM1-0-LL,r9i1p1f2,0.00,ESD,,ESD,Basic,ESD,,0,,,,,,,,,,,1.00,1.00,1.00,2.00,1.00,2.00,,,,2.00,1.00,,,,,,,,,,,,,,,,,HadGEM,dust,,,
UKESM1-0-LL,r10i1p1f2,0.00,ESD,,ESD,Basic,ESD,,0,,,,,,,,,,,1.00,1.00,1.00,2.00,1.00,2.00,,,,2.00,1.00,,,,,,,,,,,,,,,,,HadGEM,dust,,,
UKESM1-0-LL,r11i1p1f2,0.00,ESD,,ESD,Basic,ESD,,0,,,,,,,,,,,1.00,1.00,1.00,2.00,1.00,2.00,,,,2.00,1.00,,,,,,,,,,,,,,,,,HadGEM,dust,,,
UKESM1-0-LL,r12i1p1f2,0.00,ESD,,ESD,Basic,ESD,,0,,,,,,,,,,,1.00,1.00,1.00,2.00,1.00,2.00,,,,2.00,1.00,,,,,,,,,,,,,,,,,HadGEM,dust,,,
UKESM1-0-LL,r13i1p1f2,0.00,-,,ESD,ESD,Basic,Basic,1,,,,0.00,,,,,,,1.00,1.00,1.00,2.00,1.00,2.00,,,,2.00,1.00,,,,,,,,,,,,,,5.00,5.00,,HadGEM,dust,,,
UKESM1-0-LL,r14i1p1f2,0.00,Basic,,ESD,ESD,ESD,Basic,0,,,,,,,,,,,1.00,1.00,1.00,2.00,1.00,2.00,,,,2.00,1.00,,,,,,,,,,,,,,,,,HadGEM,dust,,,
UKESM1-0-LL,r15i1p1f2,0.00,-,,ESD,ESD,ESD,ESD,0,,,,,,,,,,,1.00,1.00,1.00,2.00,1.00,2.00,,,,2.00,1.00,,,,,,,,,,,,,,,,,HadGEM,dust,,,
UKESM1-0-LL,r16i1p1f2,0.00,ESD,,ESD,Basic,ESD,,0,,,,,,,,,,,1.00,1.00,1.00,2.00,1.00,2.00,,,,2.00,1.00,,,,,,,,,,,,,,,,,HadGEM,dust,,,
UKESM1-0-LL,r17i1p1f2,0.00,ESD,,ESD,Basic,ESD,,0,,,,,,,,,,,1.00,1.00,1.00,2.00,1.00,2.00,,,,2.00,1.00,,,,,,,,,,,,,,,,,HadGEM,dust,,,
UKESM1-0-LL,r18i1p1f2,0.00,ESD,,ESD,Basic,ESD,,0,,,,,,,,,,,1.00,1.00,1.00,2.00,1.00,2.00,,,,2.00,1.00,,,,,,,,,,,,,,,,,HadGEM,dust,,,
UKESM1-0-LL,r19i1p1f2,0.00,ESD,,ESD,Basic,ESD,,0,,,,,,,,,,,1.00,1.00,1.00,2.00,1.00,2.00,,,,2.00,1.00,,,,,,,,,,,,,,,,,HadGEM,dust,,,
